[08Jul2025 02:51:19.652] [main/INFO] [cpw.mods.modlauncher.Launcher/MODLAUNCHER]: ModLauncher running: args [--launchTarget, forgeserver, --fml.forgeVersion, 47.4.0, --fml.mcVersion, 1.20.1, --fml.forgeGroup, net.minecraftforge, --fml.mcpVersion, 20230612.114412, nogui]
[08Jul2025 02:51:19.655] [main/INFO] [cpw.mods.modlauncher.Launcher/MODLAUNCHER]: ModLauncher 10.0.9+10.0.9+main.dcd20f30 starting: java version 17.0.15 by Ubuntu; OS Linux arch amd64 version 6.8.0-1027-azure
[08Jul2025 02:51:24.369] [main/INFO] [net.minecraftforge.fml.loading.ImmediateWindowHandler/]: ImmediateWindowProvider not loading because launch target is forgeserver
[08Jul2025 02:51:24.428] [main/INFO] [mixin/]: SpongePowered MIXIN Subsystem Version=0.8.5 Source=union:/workspaces/atm9-free/servidor_minecraft/libraries/org/spongepowered/mixin/0.8.5/mixin-0.8.5.jar%2365!/ Service=ModLauncher Env=SERVER
[08Jul2025 02:51:24.462] [main/WARN] [CrashAssistantJarInJarHelper/]: launchTarget: forgeserver. Crash Assistant is client only mod. Mod will do nothing!
[08Jul2025 02:51:25.139] [main/WARN] [net.minecraftforge.fml.loading.moddiscovery.ModDiscoverer/SCAN]: Locator {mods folder locator at /workspaces/atm9-free/servidor_minecraft/mods} returned 1 files which are client-side-only mods, but we're on a dedicated server. They will be skipped!
[08Jul2025 02:51:25.206] [main/WARN] [net.minecraftforge.fml.loading.moddiscovery.ModFileParser/LOADING]: Mod file /workspaces/atm9-free/servidor_minecraft/libraries/net/minecraftforge/fmlcore/1.20.1-47.4.0/fmlcore-1.20.1-47.4.0.jar is missing mods.toml file
[08Jul2025 02:51:25.208] [main/WARN] [net.minecraftforge.fml.loading.moddiscovery.ModFileParser/LOADING]: Mod file /workspaces/atm9-free/servidor_minecraft/libraries/net/minecraftforge/javafmllanguage/1.20.1-47.4.0/javafmllanguage-1.20.1-47.4.0.jar is missing mods.toml file
[08Jul2025 02:51:25.209] [main/WARN] [net.minecraftforge.fml.loading.moddiscovery.ModFileParser/LOADING]: Mod file /workspaces/atm9-free/servidor_minecraft/libraries/net/minecraftforge/lowcodelanguage/1.20.1-47.4.0/lowcodelanguage-1.20.1-47.4.0.jar is missing mods.toml file
[08Jul2025 02:51:25.210] [main/WARN] [net.minecraftforge.fml.loading.moddiscovery.ModFileParser/LOADING]: Mod file /workspaces/atm9-free/servidor_minecraft/libraries/net/minecraftforge/mclanguage/1.20.1-47.4.0/mclanguage-1.20.1-47.4.0.jar is missing mods.toml file
[08Jul2025 02:51:25.853] [main/WARN] [net.minecraftforge.jarjar.selection.JarSelector/]: Attempted to select two dependency jars from JarJar which have the same identification: Mod File:  and Mod File: . Using Mod File: 
[08Jul2025 02:51:25.857] [main/WARN] [net.minecraftforge.jarjar.selection.JarSelector/]: Attempted to select a dependency jar for JarJar which was passed in as source: geckolib. Using Mod File: /workspaces/atm9-free/servidor_minecraft/mods/geckolib-forge-1.20.1-4.7.1.2.jar
[08Jul2025 02:51:25.857] [main/INFO] [net.minecraftforge.fml.loading.moddiscovery.JarInJarDependencyLocator/]: Found 37 dependencies adding them to mods collection
[08Jul2025 02:51:35.832] [main/INFO] [mixin/]: Compatibility level set to JAVA_17
[08Jul2025 02:51:36.474] [main/ERROR] [mixin/]: Mixin config yacl.mixins.json does not specify "minVersion" property
[08Jul2025 02:51:36.565] [main/INFO] [mixin/]: Successfully loaded Mixin Connector [com.sonicether.soundphysics.MixinConnector]
[08Jul2025 02:51:36.567] [main/INFO] [mixin/]: Successfully loaded Mixin Connector [shetiphian.core.mixins.MixinConnector]
[08Jul2025 02:51:36.568] [main/INFO] [mixin/]: Successfully loaded Mixin Connector [com.thevortex.allthetweaks.mixin.MixinConnector]
[08Jul2025 02:51:36.568] [main/INFO] [mixin/]: Successfully loaded Mixin Connector [com.leobeliik.extremesoundmuffler.MixinConnector]
[08Jul2025 02:51:36.569] [main/INFO] [mixin/]: Successfully loaded Mixin Connector [shetiphian.endertanks.mixins.MixinConnector]
[08Jul2025 02:51:36.572] [main/INFO] [cpw.mods.modlauncher.LaunchServiceHandler/MODLAUNCHER]: Launching target 'forgeserver' with arguments [nogui]
[08Jul2025 02:51:36.661] [main/INFO] [ModernFix/]: Loaded configuration file for ModernFix 5.23.0+mc1.20.1: 95 options available, 1 override(s) found
[08Jul2025 02:51:36.662] [main/WARN] [ModernFix/]: Option 'mixin.perf.thread_priorities' overriden (by mods [smoothboot]) to 'false'
[08Jul2025 02:51:36.662] [main/INFO] [ModernFix/]: Applying Nashorn fix
[08Jul2025 02:51:36.701] [main/INFO] [ModernFix/]: Applied Forge config corruption patch
[08Jul2025 02:51:36.740] [main/INFO] [dev.zeddevstuff.keybindspurger.Keybindspurger/]: Controlling detected: true
[08Jul2025 02:51:36.848] [main/WARN] [mixin/]: Reference map 'EpheroLib-refmap.json' for epherolib.mixins.json could not be read. If this is a development environment you can ignore this message
[08Jul2025 02:51:36.866] [main/WARN] [mixin/]: Reference map 'clickmachine.refmap.json' for clickmachine.mixins.json could not be read. If this is a development environment you can ignore this message
[08Jul2025 02:51:37.020] [main/INFO] [Canary/]: Loaded configuration file for Canary: 116 options available, 0 override(s) found
[08Jul2025 02:51:37.047] [main/INFO] [Embeddium Extra/]: Loaded configuration file for Sodium Extra: 35 options available, 0 override(s) found
[08Jul2025 02:51:37.127] [main/WARN] [mixin/]: Reference map 'cookingforblockheads.refmap.json' for cookingforblockheads.mixins.json could not be read. If this is a development environment you can ignore this message
[08Jul2025 02:51:37.168] [main/WARN] [mixin/]: Reference map 'tempad-forge-1.20.1-forge-refmap.json' for tempad.mixins.json could not be read. If this is a development environment you can ignore this message
[08Jul2025 02:51:37.179] [main/WARN] [mixin/]: Reference map 'colorfulhearts-common-api-api_common-refmap.json' for colorfulhearts-common.mixins.json could not be read. If this is a development environment you can ignore this message
[08Jul2025 02:51:37.241] [main/WARN] [mixin/]: Reference map 'trashslot.refmap.json' for trashslot.mixins.json could not be read. If this is a development environment you can ignore this message
[08Jul2025 02:51:37.292] [main/WARN] [mixin/]: Reference map 'bloodmagic.refmap.json' for bloodmagic.mixins.json could not be read. If this is a development environment you can ignore this message
[08Jul2025 02:51:37.310] [main/WARN] [mixin/]: Reference map 'default-server-properties-forge-refmap.json' for dsp.mixins.json could not be read. If this is a development environment you can ignore this message
[08Jul2025 02:51:37.420] [main/WARN] [mixin/]: Reference map 'modonomicon.refmap.json' for modonomicon.mixins.json could not be read. If this is a development environment you can ignore this message
[08Jul2025 02:51:37.424] [main/WARN] [mixin/]: Reference map 'modonomicon.refmap.json' for modonomicon.forge.mixins.json could not be read. If this is a development environment you can ignore this message
[08Jul2025 02:51:37.521] [main/WARN] [mixin/]: Reference map 'packetfixer-forge-forge-refmap.json' for packetfixer.forge.mixins.json could not be read. If this is a development environment you can ignore this message
[08Jul2025 02:51:37.977] [main/INFO] [net.minecraftforge.coremod.CoreMod.placebo/COREMODLOG]: Patching IForgeItemStack#getEnchantmentLevel
[08Jul2025 02:51:37.985] [main/INFO] [net.minecraftforge.coremod.CoreMod.placebo/COREMODLOG]: Patching IForgeItemStack#getEnchantmentLevel
[08Jul2025 02:51:38.184] [main/INFO] [net.minecraftforge.coremod.CoreMod.apotheosis/COREMODLOG]: Replaced 2 calls to Enchantment#getMaxLevel() in net/minecraft/world/inventory/AnvilMenu
[08Jul2025 02:51:38.202] [main/WARN] [mixin/]: Error loading class: org/violetmoon/quark/content/tweaks/module/GoldToolsHaveFortuneModule (java.lang.ClassNotFoundException: org.violetmoon.quark.content.tweaks.module.GoldToolsHaveFortuneModule)
[08Jul2025 02:51:38.204] [main/INFO] [net.minecraftforge.coremod.CoreMod.placebo/COREMODLOG]: Patching IForgeItemStack#getEnchantmentLevel
[08Jul2025 02:51:38.205] [main/INFO] [net.minecraftforge.coremod.CoreMod.placebo/COREMODLOG]: Patching IForgeItemStack#getEnchantmentLevel
[08Jul2025 02:51:38.740] [main/ERROR] [net.minecraftforge.fml.loading.RuntimeDistCleaner/DISTXFORM]: Attempted to load class net/minecraft/client/multiplayer/MultiPlayerGameMode for invalid dist DEDICATED_SERVER
[08Jul2025 02:51:38.740] [main/WARN] [mixin/]: Error loading class: net/minecraft/client/multiplayer/MultiPlayerGameMode (java.lang.RuntimeException: Attempted to load class net/minecraft/client/multiplayer/MultiPlayerGameMode for invalid dist DEDICATED_SERVER)
[08Jul2025 02:51:38.740] [main/WARN] [mixin/]: @Mixin target net.minecraft.client.multiplayer.MultiPlayerGameMode was not found mixins.cofhcore.json:MultiPlayerGameModeMixin
[08Jul2025 02:51:38.933] [main/INFO] [dev.uncandango.alltheleaks.AllTheLeaks/]: Skipping issue ItemStackCreationStatistics from mod jei as it's dev only!
[08Jul2025 02:51:38.934] [main/INFO] [dev.uncandango.alltheleaks.AllTheLeaks/]: Class dev.uncandango.alltheleaks.leaks.common.mods.travelersbackpack.UntrackedIssue002 will NOT be loaded as mod travelersbackpack is not present
[08Jul2025 02:51:38.934] [main/INFO] [dev.uncandango.alltheleaks.AllTheLeaks/]: Class dev.uncandango.alltheleaks.leaks.common.mods.travelersbackpack.UntrackedIssue001 will NOT be loaded as mod travelersbackpack is not present
[08Jul2025 02:51:38.934] [main/INFO] [dev.uncandango.alltheleaks.AllTheLeaks/]: Class dev.uncandango.alltheleaks.leaks.common.mods.toolbelt.UntrackedIssue001 will NOT be loaded as mod toolbelt is not present
[08Jul2025 02:51:38.934] [main/INFO] [dev.uncandango.alltheleaks.AllTheLeaks/]: Class dev.uncandango.alltheleaks.leaks.common.mods.tfcthermaldeposits.UntrackedIssue001 will NOT be loaded as mod tfcthermaldeposits is not present
[08Jul2025 02:51:38.934] [main/INFO] [dev.uncandango.alltheleaks.AllTheLeaks/]: Class dev.uncandango.alltheleaks.leaks.common.mods.smallships.UntrackedIssue001 will NOT be loaded as mod smallships is not present
[08Jul2025 02:51:38.934] [main/INFO] [dev.uncandango.alltheleaks.AllTheLeaks/]: Class dev.uncandango.alltheleaks.leaks.common.mods.sereneseasons.UntrackedIssue001 will NOT be loaded as mod sereneseasons is not present
[08Jul2025 02:51:38.935] [main/INFO] [dev.uncandango.alltheleaks.AllTheLeaks/]: Class dev.uncandango.alltheleaks.leaks.common.mods.railcraft.UntrackedIssue001 will NOT be loaded as mod railcraft is not present
[08Jul2025 02:51:38.935] [main/INFO] [dev.uncandango.alltheleaks.AllTheLeaks/]: Class dev.uncandango.alltheleaks.leaks.common.mods.pneumaticcraft.UntrackedIssue001 will be loaded as it matches versions: 6.0.20+mc1.20.1 in [6.0.15,)
[08Jul2025 02:51:38.935] [main/INFO] [dev.uncandango.alltheleaks.AllTheLeaks/]: Mixins added to allowed list: [main.DroneEntityMixin]
[08Jul2025 02:51:38.935] [main/INFO] [dev.uncandango.alltheleaks.AllTheLeaks/]: Class dev.uncandango.alltheleaks.leaks.common.mods.phosphophyllite.UntrackedIssue001 will be loaded as it matches versions: 0.7.0-alpha.0.2 in [0.7.0-alpha,)
[08Jul2025 02:51:38.936] [main/INFO] [dev.uncandango.alltheleaks.AllTheLeaks/]: Class dev.uncandango.alltheleaks.leaks.common.mods.occultism.UntrackedIssue001 will be loaded as it matches versions: 1.141.4 in [1.80.7,)
[08Jul2025 02:51:38.936] [main/INFO] [dev.uncandango.alltheleaks.AllTheLeaks/]: Mixins added to allowed list: [main.OccultismCapabilitiesMixin]
[08Jul2025 02:51:38.936] [main/INFO] [dev.uncandango.alltheleaks.AllTheLeaks/]: Class dev.uncandango.alltheleaks.leaks.common.mods.moonlight.UntrackedIssue001 will be loaded as it matches versions: 1.20-2.14.1 in [1.20-2.13.32,)
[08Jul2025 02:51:38.936] [main/INFO] [dev.uncandango.alltheleaks.AllTheLeaks/]: Mixins added to allowed list: [main.FakeLevelManagerMixin]
[08Jul2025 02:51:38.936] [main/INFO] [dev.uncandango.alltheleaks.AllTheLeaks/]: Class dev.uncandango.alltheleaks.leaks.common.mods.minecraft.UntrackedIssue002 will be loaded as it matches versions: 1.20.1 in 1.20.1
[08Jul2025 02:51:38.936] [main/INFO] [dev.uncandango.alltheleaks.AllTheLeaks/]: Mixins added to allowed list: [main.EntityTickListMixin]
[08Jul2025 02:51:38.936] [main/INFO] [dev.uncandango.alltheleaks.AllTheLeaks/]: Class dev.uncandango.alltheleaks.leaks.common.mods.minecraft.UntrackedIssue001 will be loaded as it matches versions: 1.20.1 in 1.20.1
[08Jul2025 02:51:38.937] [main/INFO] [dev.uncandango.alltheleaks.AllTheLeaks/]: Class dev.uncandango.alltheleaks.leaks.common.mods.irons_spellbooks.UntrackedIssue001 will NOT be loaded as mod irons_spellbooks is not present
[08Jul2025 02:51:38.937] [main/INFO] [dev.uncandango.alltheleaks.AllTheLeaks/]: Class dev.uncandango.alltheleaks.leaks.common.mods.forge.UntrackedIssue003 will be loaded as it matches versions: 47.4.0 in [47.2,)
[08Jul2025 02:51:38.937] [main/INFO] [dev.uncandango.alltheleaks.AllTheLeaks/]: Class dev.uncandango.alltheleaks.leaks.common.mods.forge.UntrackedIssue002 will be loaded as it matches versions: 47.4.0 in [47.2,)
[08Jul2025 02:51:38.937] [main/INFO] [dev.uncandango.alltheleaks.AllTheLeaks/]: Mixins added to allowed list: [accessor.FakePlayerNetHandlerAccessor, accessor.ConnectionAccessor]
[08Jul2025 02:51:38.937] [main/INFO] [dev.uncandango.alltheleaks.AllTheLeaks/]: Class dev.uncandango.alltheleaks.leaks.common.mods.forge.UntrackedIssue001 will be loaded as it matches versions: 47.4.0 in [47.2,)
[08Jul2025 02:51:38.938] [main/INFO] [dev.uncandango.alltheleaks.AllTheLeaks/]: Mixins added to allowed list: [main.ServerPlayerMixin, main.PlayerListMixin]
[08Jul2025 02:51:38.938] [main/INFO] [dev.uncandango.alltheleaks.AllTheLeaks/]: Class dev.uncandango.alltheleaks.leaks.common.mods.forbidden_arcanus.UntrackedIssue001 will be loaded as it matches versions: 1.20.1-2.2.6 in [1.20.1-2.2.0-beta1,)
[08Jul2025 02:51:38.938] [main/INFO] [dev.uncandango.alltheleaks.AllTheLeaks/]: Mixins added to allowed list: [main.PlayerEventsMixin]
[08Jul2025 02:51:38.938] [main/INFO] [dev.uncandango.alltheleaks.AllTheLeaks/]: Class dev.uncandango.alltheleaks.leaks.common.mods.domesticationinnovation.UntrackedIssue001 will NOT be loaded as mod domesticationinnovation is not present
[08Jul2025 02:51:38.938] [main/INFO] [dev.uncandango.alltheleaks.AllTheLeaks/]: Class dev.uncandango.alltheleaks.leaks.common.mods.curios.UntrackedIssue001 will be loaded as it matches versions: 5.14.1+1.20.1 in [5.9.1,)
[08Jul2025 02:51:38.938] [main/INFO] [dev.uncandango.alltheleaks.AllTheLeaks/]: Mixins added to allowed list: [main.CuriosEventHandlerMixin]
[08Jul2025 02:51:38.939] [main/INFO] [dev.uncandango.alltheleaks.AllTheLeaks/]: Class dev.uncandango.alltheleaks.leaks.common.mods.createaddition.UntrackedIssue001 will NOT be loaded as mod createaddition does not match versions: 1.20.1-1.3.1 in [1.20.1-1.0.0b,1.20.1-1.2.3]
[08Jul2025 02:51:38.939] [main/INFO] [dev.uncandango.alltheleaks.AllTheLeaks/]: Class dev.uncandango.alltheleaks.leaks.common.mods.create.UntrackedIssue001 will be loaded as it matches versions: 6.0.4 in [0.5.1.c,)
[08Jul2025 02:51:38.939] [main/INFO] [dev.uncandango.alltheleaks.AllTheLeaks/]: Mixins added to allowed list: [accessor.ExtendoGripItemAccessor]
[08Jul2025 02:51:38.939] [main/INFO] [dev.uncandango.alltheleaks.AllTheLeaks/]: Class dev.uncandango.alltheleaks.leaks.common.mods.citadel.UntrackedIssue001 will NOT be loaded as mod citadel is not present
[08Jul2025 02:51:38.939] [main/INFO] [dev.uncandango.alltheleaks.AllTheLeaks/]: Class dev.uncandango.alltheleaks.leaks.common.mods.betterf3.UntrackedIssue001 will NOT be loaded as mod betterf3 is not present
[08Jul2025 02:51:38.939] [main/INFO] [dev.uncandango.alltheleaks.AllTheLeaks/]: Class dev.uncandango.alltheleaks.leaks.common.mods.badpackets.UntrackedIssue001 will NOT be loaded as mod badpackets is not present
[08Jul2025 02:51:38.939] [main/INFO] [dev.uncandango.alltheleaks.AllTheLeaks/]: Class dev.uncandango.alltheleaks.leaks.common.mods.ars_nouveau.UntrackedIssue002 will NOT be loaded as mod ars_nouveau does not match versions: 4.12.6 in [4.0.0,4.12.4]
[08Jul2025 02:51:38.940] [main/INFO] [dev.uncandango.alltheleaks.AllTheLeaks/]: Class dev.uncandango.alltheleaks.leaks.common.mods.ars_nouveau.UntrackedIssue001 will NOT be loaded as mod ars_nouveau does not match versions: 4.12.6 in [4.0.0,4.12.4]
[08Jul2025 02:51:38.940] [main/INFO] [dev.uncandango.alltheleaks.AllTheLeaks/]: Class dev.uncandango.alltheleaks.leaks.common.mods.architectury.UntrackedIssue001 will be loaded as it matches versions: 9.2.14 in [9.0.8,)
[08Jul2025 02:51:38.940] [main/INFO] [dev.uncandango.alltheleaks.AllTheLeaks/]: Class dev.uncandango.alltheleaks.leaks.common.mods.alexsmobs.Issue2165 will NOT be loaded as mod alexsmobs is not present
[08Jul2025 02:51:38.940] [main/INFO] [dev.uncandango.alltheleaks.AllTheLeaks/]: Class dev.uncandango.alltheleaks.leaks.common.mods.aether.UntrackedIssue001 will NOT be loaded as mod aether is not present
[08Jul2025 02:51:38.940] [main/INFO] [dev.uncandango.alltheleaks.AllTheLeaks/]: Class dev.uncandango.alltheleaks.leaks.common.mods.ae2wtlib.UntrackedIssue001 will be loaded as it matches versions: 15.2.3-forge in [15.2.3,)
[08Jul2025 02:51:38.940] [main/INFO] [dev.uncandango.alltheleaks.AllTheLeaks/]: Skipping issue [untracked] from mod twilightforest as it is client side only!
[08Jul2025 02:51:38.940] [main/INFO] [dev.uncandango.alltheleaks.AllTheLeaks/]: Skipping issue [untracked] from mod travelersbackpack as it is client side only!
[08Jul2025 02:51:38.941] [main/INFO] [dev.uncandango.alltheleaks.AllTheLeaks/]: Skipping issue [untracked] from mod tombstone as it is client side only!
[08Jul2025 02:51:38.941] [main/INFO] [dev.uncandango.alltheleaks.AllTheLeaks/]: Skipping issue [untracked] from mod sereneseasons as it is client side only!
[08Jul2025 02:51:38.941] [main/INFO] [dev.uncandango.alltheleaks.AllTheLeaks/]: Skipping issue [untracked] from mod pneumaticcraft as it is client side only!
[08Jul2025 02:51:38.941] [main/INFO] [dev.uncandango.alltheleaks.AllTheLeaks/]: Skipping issue [untracked] from mod nuclearcraft as it is client side only!
[08Jul2025 02:51:38.941] [main/INFO] [dev.uncandango.alltheleaks.AllTheLeaks/]: Skipping issue [untracked] from mod mowziesmobs as it is client side only!
[08Jul2025 02:51:38.942] [main/INFO] [dev.uncandango.alltheleaks.AllTheLeaks/]: Skipping issue [untracked] from mod mowziesmobs as it is client side only!
[08Jul2025 02:51:38.942] [main/INFO] [dev.uncandango.alltheleaks.AllTheLeaks/]: Skipping issue [untracked] from mod mousetweaks as it is client side only!
[08Jul2025 02:51:38.942] [main/INFO] [dev.uncandango.alltheleaks.AllTheLeaks/]: Skipping issue [untracked] from mod mna as it is client side only!
[08Jul2025 02:51:38.942] [main/INFO] [dev.uncandango.alltheleaks.AllTheLeaks/]: Skipping issue [untracked] from mod minecraft as it is client side only!
[08Jul2025 02:51:38.942] [main/INFO] [dev.uncandango.alltheleaks.AllTheLeaks/]: Skipping issue [untracked] from mod minecraft as mod modernfix is present!
[08Jul2025 02:51:38.942] [main/INFO] [dev.uncandango.alltheleaks.AllTheLeaks/]: Skipping issue [untracked] from mod minecolonies as it is client side only!
[08Jul2025 02:51:38.942] [main/INFO] [dev.uncandango.alltheleaks.AllTheLeaks/]: Skipping issue [untracked] from mod minecolonies as it is client side only!
[08Jul2025 02:51:38.943] [main/INFO] [dev.uncandango.alltheleaks.AllTheLeaks/]: Skipping issue [untracked] from mod ldlib as it is client side only!
[08Jul2025 02:51:38.943] [main/INFO] [dev.uncandango.alltheleaks.AllTheLeaks/]: Skipping issue [untracked] from mod journeymap as it is client side only!
[08Jul2025 02:51:38.943] [main/INFO] [dev.uncandango.alltheleaks.AllTheLeaks/]: Skipping issue [untracked] from mod jeresources as it is client side only!
[08Jul2025 02:51:38.943] [main/INFO] [dev.uncandango.alltheleaks.AllTheLeaks/]: Skipping issue [untracked] from mod jei as it is client side only!
[08Jul2025 02:51:38.944] [main/INFO] [dev.uncandango.alltheleaks.AllTheLeaks/]: Skipping issue [untracked] from mod jei as it is client side only!
[08Jul2025 02:51:38.944] [main/INFO] [dev.uncandango.alltheleaks.AllTheLeaks/]: Skipping issue [untracked] from mod irons_spellbooks as it is client side only!
[08Jul2025 02:51:38.944] [main/INFO] [dev.uncandango.alltheleaks.AllTheLeaks/]: Skipping issue [untracked] from mod irons_spellbooks as it is client side only!
[08Jul2025 02:51:38.944] [main/INFO] [dev.uncandango.alltheleaks.AllTheLeaks/]: Skipping issue [untracked] from mod iceberg as it is client side only!
[08Jul2025 02:51:38.944] [main/INFO] [dev.uncandango.alltheleaks.AllTheLeaks/]: Skipping issue [untracked] from mod iceberg as it is client side only!
[08Jul2025 02:51:38.945] [main/INFO] [dev.uncandango.alltheleaks.AllTheLeaks/]: Skipping issue [untracked] from mod iceberg as it is client side only!
[08Jul2025 02:51:38.945] [main/INFO] [dev.uncandango.alltheleaks.AllTheLeaks/]: Skipping issue [untracked] from mod geckolib as it is client side only!
[08Jul2025 02:51:38.945] [main/INFO] [dev.uncandango.alltheleaks.AllTheLeaks/]: Skipping issue [untracked] from mod ftblibrary as it is client side only!
[08Jul2025 02:51:38.945] [main/INFO] [dev.uncandango.alltheleaks.AllTheLeaks/]: Skipping issue [untracked] from mod flywheel as it is client side only!
[08Jul2025 02:51:38.945] [main/INFO] [dev.uncandango.alltheleaks.AllTheLeaks/]: Skipping issue [untracked] from mod findme as it is client side only!
[08Jul2025 02:51:38.945] [main/INFO] [dev.uncandango.alltheleaks.AllTheLeaks/]: Skipping issue [untracked] from mod entity_texture_features as it is client side only!
[08Jul2025 02:51:38.948] [main/INFO] [dev.uncandango.alltheleaks.AllTheLeaks/]: Skipping issue [untracked] from mod entity_model_features as it is client side only!
[08Jul2025 02:51:38.948] [main/INFO] [dev.uncandango.alltheleaks.AllTheLeaks/]: Skipping issue [untracked] from mod emi_loot as it is client side only!
[08Jul2025 02:51:38.948] [main/INFO] [dev.uncandango.alltheleaks.AllTheLeaks/]: Skipping issue [untracked] from mod emi as it is client side only!
[08Jul2025 02:51:38.951] [main/INFO] [dev.uncandango.alltheleaks.AllTheLeaks/]: Skipping issue [untracked] from mod easy_villagers as it is client side only!
[08Jul2025 02:51:38.951] [main/INFO] [dev.uncandango.alltheleaks.AllTheLeaks/]: Skipping issue [untracked] from mod difficultylock as it is client side only!
[08Jul2025 02:51:38.952] [main/INFO] [dev.uncandango.alltheleaks.AllTheLeaks/]: Skipping issue [untracked] from mod cyclopscore as it is client side only!
[08Jul2025 02:51:38.952] [main/INFO] [dev.uncandango.alltheleaks.AllTheLeaks/]: Skipping issue [untracked] from mod corpse as it is client side only!
[08Jul2025 02:51:38.952] [main/INFO] [dev.uncandango.alltheleaks.AllTheLeaks/]: Skipping issue [untracked] from mod citadel as it is client side only!
[08Jul2025 02:51:38.952] [main/INFO] [dev.uncandango.alltheleaks.AllTheLeaks/]: Skipping issue [untracked] from mod blue_skies as it is client side only!
[08Jul2025 02:51:38.952] [main/INFO] [dev.uncandango.alltheleaks.AllTheLeaks/]: Skipping issue [untracked] from mod beansbackpacks as it is client side only!
[08Jul2025 02:51:38.952] [main/INFO] [dev.uncandango.alltheleaks.AllTheLeaks/]: Skipping issue [untracked] from mod badpackets as it is client side only!
[08Jul2025 02:51:38.952] [main/INFO] [dev.uncandango.alltheleaks.AllTheLeaks/]: Skipping issue [untracked] from mod ae2wtlib as it is client side only!
[08Jul2025 02:51:38.953] [main/INFO] [dev.uncandango.alltheleaks.AllTheLeaks/]: Skipping issue [untracked] from mod ae2wtlib as it is client side only!
[08Jul2025 02:51:38.953] [main/INFO] [dev.uncandango.alltheleaks.AllTheLeaks/]: Class dev.uncandango.alltheleaks.fix.common.mods.modernfix.CancelRLMixin will be loaded as it matches versions: 5.23.0+mc1.20.1 in [5.0.0,)
[08Jul2025 02:51:38.953] [main/INFO] [dev.uncandango.alltheleaks.AllTheLeaks/]: Mixins added to cancel list: [org.embeddedt.modernfix.common.mixin.perf.deduplicate_location.MixinResourceLocation]
[08Jul2025 02:51:38.957] [main/INFO] [dev.uncandango.alltheleaks.AllTheLeaks/]: Skipping feature ResourceLocation Deduplication from mod minecraft as it's feature flag is not activated!
[08Jul2025 02:51:38.958] [main/INFO] [dev.uncandango.alltheleaks.AllTheLeaks/]: Skipping feature Ingredient Deduplication from mod minecraft as it's feature flag is not activated!
[08Jul2025 02:51:38.958] [main/INFO] [dev.uncandango.alltheleaks.AllTheLeaks/]: Skipping feature Prevent Search Ignored Items from mod jei as it's feature flag is not activated!
[08Jul2025 02:51:39.274] [main/WARN] [mixin/]: Error loading class: net/dries007/tfc/common/blocks/rock/AqueductBlock (java.lang.ClassNotFoundException: net.dries007.tfc.common.blocks.rock.AqueductBlock)
[08Jul2025 02:51:39.274] [main/WARN] [mixin/]: @Mixin target net.dries007.tfc.common.blocks.rock.AqueductBlock was not found allthetweaks.mixins.json:FluiDucts
[08Jul2025 02:51:39.278] [main/WARN] [mixin/]: Error loading class: elucent/eidolon/network/TESyncPacket (java.lang.ClassNotFoundException: elucent.eidolon.network.TESyncPacket)
[08Jul2025 02:51:39.278] [main/WARN] [mixin/]: @Mixin target elucent.eidolon.network.TESyncPacket was not found allthetweaks.mixins.json:TESyncFix
[08Jul2025 02:51:39.346] [main/WARN] [mixin/]: Error loading class: mcjty/theoneprobe/apiimpl/providers/DefaultProbeInfoProvider (java.lang.ClassNotFoundException: mcjty.theoneprobe.apiimpl.providers.DefaultProbeInfoProvider)
[08Jul2025 02:51:39.346] [main/WARN] [mixin/]: @Mixin target mcjty.theoneprobe.apiimpl.providers.DefaultProbeInfoProvider was not found mixins.endertanks.json:ET_HideFluidBars$_TheOneProbe
[08Jul2025 02:51:39.468] [main/ERROR] [net.minecraftforge.fml.loading.RuntimeDistCleaner/DISTXFORM]: Attempted to load class net/minecraft/client/gui/screens/inventory/AbstractContainerScreen for invalid dist DEDICATED_SERVER
[08Jul2025 02:51:39.468] [main/WARN] [mixin/]: Error loading class: net/minecraft/client/gui/screens/inventory/AbstractContainerScreen (java.lang.RuntimeException: Attempted to load class net/minecraft/client/gui/screens/inventory/AbstractContainerScreen for invalid dist DEDICATED_SERVER)
[08Jul2025 02:51:39.468] [main/WARN] [mixin/]: @Mixin target net.minecraft.client.gui.screens.inventory.AbstractContainerScreen was not found findme-common.mixins.json:MixinSlotRenderer
[08Jul2025 02:51:39.470] [main/ERROR] [net.minecraftforge.fml.loading.RuntimeDistCleaner/DISTXFORM]: Attempted to load class net/minecraft/client/particle/ParticleEngine for invalid dist DEDICATED_SERVER
[08Jul2025 02:51:39.470] [main/WARN] [mixin/]: Error loading class: net/minecraft/client/particle/ParticleEngine (java.lang.RuntimeException: Attempted to load class net/minecraft/client/particle/ParticleEngine for invalid dist DEDICATED_SERVER)
[08Jul2025 02:51:39.470] [main/WARN] [mixin/]: @Mixin target net.minecraft.client.particle.ParticleEngine was not found findme-common.mixins.json:ParticleEngineAccessor
[08Jul2025 02:51:39.703] [main/INFO] [net.minecraftforge.coremod.CoreMod.exdeorum/COREMODLOG]: Successfully patched server.properties to use void world type by default
[08Jul2025 02:51:39.761] [main/WARN] [mixin/]: Error loading class: com/supermartijn642/wirelesschargers/ChargerBlockEntity (java.lang.ClassNotFoundException: com.supermartijn642.wirelesschargers.ChargerBlockEntity)
[08Jul2025 02:51:39.761] [main/WARN] [mixin/]: @Mixin target com.supermartijn642.wirelesschargers.ChargerBlockEntity was not found mixins.appflux.json:MixinChargerBlockEntity
[08Jul2025 02:51:39.818] [main/ERROR] [net.minecraftforge.fml.loading.RuntimeDistCleaner/DISTXFORM]: Attempted to load class net/minecraft/client/resources/model/ModelBakery for invalid dist DEDICATED_SERVER
[08Jul2025 02:51:39.818] [main/WARN] [mixin/]: Error loading class: net/minecraft/client/resources/model/ModelBakery (java.lang.RuntimeException: Attempted to load class net/minecraft/client/resources/model/ModelBakery for invalid dist DEDICATED_SERVER)
[08Jul2025 02:51:39.818] [main/WARN] [mixin/]: @Mixin target net.minecraft.client.resources.model.ModelBakery was not found mixins.aae.json:client.ModelBakeryMixin
[08Jul2025 02:51:39.850] [main/WARN] [mixin/]: Error loading class: vazkii/quark/addons/oddities/inventory/BackpackMenu (java.lang.ClassNotFoundException: vazkii.quark.addons.oddities.inventory.BackpackMenu)
[08Jul2025 02:51:39.852] [main/WARN] [mixin/]: Error loading class: net/minecraft/client/gui/screens/inventory/CraftingScreen (java.lang.ClassNotFoundException: net.minecraft.client.gui.screens.inventory.CraftingScreen)
[08Jul2025 02:51:39.852] [main/WARN] [mixin/]: @Mixin target net.minecraft.client.gui.screens.inventory.CraftingScreen was not found fastbench.mixins.json:MixinCraftingScreen
[08Jul2025 02:51:39.990] [main/INFO] [net.minecraftforge.coremod.CoreMod.exdeorum/COREMODLOG]: Successfully patched end portal.
[08Jul2025 02:51:40.296] [main/INFO] [MixinExtras|Service/]: Initializing MixinExtras via com.llamalad7.mixinextras.service.MixinExtrasServiceImpl(version=0.4.1).
[08Jul2025 02:51:40.699] [main/INFO] [mixin/]: Mixing server.MixinDedicatedServer from mixins/common/nochatreports.mixins.json into net.minecraft.server.dedicated.DedicatedServer
[08Jul2025 02:51:40.793] [main/INFO] [Smooth Boot (Reloaded)/]: Smooth Boot (Reloaded) config initialized
[08Jul2025 02:51:40.917] [main/WARN] [mixin/]: Static binding violation: PRIVATE @Overwrite method m_216202_ in modernfix-forge.mixins.json:perf.tag_id_caching.TagOrElementLocationMixin cannot reduce visibiliy of PUBLIC target method, visibility will be upgraded.
[08Jul2025 02:51:41.179] [main/INFO] [net.minecraft.server.Bootstrap/]: ModernFix reached bootstrap stage (23.90 s after launch)
[08Jul2025 02:51:41.343] [main/WARN] [mixin/]: @Final field delegatesByName:Ljava/util/Map; in modernfix-forge.mixins.json:perf.forge_registry_alloc.ForgeRegistryMixin should be final
[08Jul2025 02:51:41.344] [main/WARN] [mixin/]: @Final field delegatesByValue:Ljava/util/Map; in modernfix-forge.mixins.json:perf.forge_registry_alloc.ForgeRegistryMixin should be final
[08Jul2025 02:51:41.830] [main/INFO] [ModernFix/]: Injecting BlockStateBase cache population hook into getNeighborPathNodeType from com.abdelaziz.canary.mixin.ai.pathing.BlockStateBaseMixin
[08Jul2025 02:51:41.830] [main/INFO] [ModernFix/]: Injecting BlockStateBase cache population hook into getPathNodeType from com.abdelaziz.canary.mixin.ai.pathing.BlockStateBaseMixin
[08Jul2025 02:51:43.020] [main/INFO] [net.minecraftforge.coremod.CoreMod.apotheosis/COREMODLOG]: Replaced 2 calls to Enchantment#getMaxLevel() in net/minecraft/world/item/CreativeModeTabs
[08Jul2025 02:51:43.798] [main/INFO] [net.minecraft.server.Bootstrap/]: Vanilla bootstrap took 2615 milliseconds
[08Jul2025 02:51:43.880] [main/INFO] [mixin/]: Mixing common.MixinFriendlyByteBuf from mixins/common/nochatreports.mixins.json into net.minecraft.network.FriendlyByteBuf
[08Jul2025 02:51:43.880] [main/INFO] [mixin/]: Renaming synthetic method lambda$onWriteJsonWithCodec$1(Ljava/lang/Object;Ljava/lang/String;)Lio/netty/handler/codec/EncoderException; to mde0376b$lambda$onWriteJsonWithCodec$1$0 in mixins/common/nochatreports.mixins.json:common.MixinFriendlyByteBuf
[08Jul2025 02:51:43.880] [main/INFO] [mixin/]: Renaming synthetic method lambda$onReadJsonWithCodec$0(Ljava/lang/String;)Lio/netty/handler/codec/DecoderException; to mde0376b$lambda$onReadJsonWithCodec$0$1 in mixins/common/nochatreports.mixins.json:common.MixinFriendlyByteBuf
[08Jul2025 02:51:43.907] [main/WARN] [mixin/]: @ModifyConstant conflict. Skipping connectivity.mixins.json:ClientBoundCustomPayloadPacketLMixin->@ModifyConstant::modifyLimit(I)I with priority 1, already redirected by packetfixer.common.mixins.json:ClientboundCustomPayloadPacketMixin->@ModifyConstant::newSize(I)I with priority 1000
[08Jul2025 02:51:43.908] [main/WARN] [mixin/]: @ModifyConstant conflict. Skipping connectivity.mixins.json:ClientBoundCustomPayloadPacketLMixin->@ModifyConstant::modifyLimit(I)I with priority 1, already redirected by packetfixer.common.mixins.json:ClientboundCustomPayloadPacketMixin->@ModifyConstant::newSize(I)I with priority 1000
[08Jul2025 02:51:44.281] [main/INFO] [net.minecraftforge.coremod.CoreMod.placebo/COREMODLOG]: Patching IForgeItemStack#getEnchantmentLevel
[08Jul2025 02:51:44.281] [main/INFO] [net.minecraftforge.coremod.CoreMod.placebo/COREMODLOG]: Patching IForgeItemStack#getEnchantmentLevel
[08Jul2025 02:51:44.475] [main/INFO] [net.minecraftforge.coremod.CoreMod.apotheosis/COREMODLOG]: Replaced 2 calls to Enchantment#getMaxLevel() in net/minecraft/world/inventory/AnvilMenu
[08Jul2025 02:51:45.751] [main/INFO] [net.minecraftforge.coremod.CoreMod.apotheosis/COREMODLOG]: Patching FishingHook#catchingFish
[08Jul2025 02:51:45.806] [main/INFO] [mixin/]: Mixing server.MixinServerGamePacketListenerImpl from mixins/common/nochatreports.mixins.json into net.minecraft.server.network.ServerGamePacketListenerImpl
[08Jul2025 02:51:46.135] [main/INFO] [net.minecraftforge.coremod.CoreMod.apotheosis/COREMODLOG]: Replaced 1 calls to Enchantment#getMaxLevel() in net/minecraft/world/level/storage/loot/functions/EnchantRandomlyFunction
[08Jul2025 02:51:46.135] [main/INFO] [net.minecraftforge.coremod.CoreMod.apotheosis/COREMODLOG]: Replaced 1 calls to Enchantment#isDiscoverable() in net/minecraft/world/level/storage/loot/functions/EnchantRandomlyFunction
[08Jul2025 02:51:46.470] [main/INFO] [net.minecraftforge.coremod.CoreMod.exdeorum/COREMODLOG]: Successfully patched End City generation for void worlds
[08Jul2025 02:51:46.544] [main/WARN] [mixin/]: Static binding violation: PRIVATE @Overwrite method m_47505_ in modernfix-common.mixins.json:perf.remove_biome_temperature_cache.BiomeMixin cannot reduce visibiliy of PUBLIC target method, visibility will be upgraded.
[08Jul2025 02:51:47.222] [main/INFO] [com.almostreliable.merequester.MERequester/]: Registering content
[08Jul2025 02:51:47.669] [modloading-worker-0/INFO] [exdeorum/]: Registered "oak_barrel" for barrel material oak.json
[08Jul2025 02:51:47.670] [modloading-worker-0/INFO] [exdeorum/]: Registered "spruce_barrel" for barrel material spruce.json
[08Jul2025 02:51:47.670] [modloading-worker-0/INFO] [exdeorum/]: Registered "birch_barrel" for barrel material birch.json
[08Jul2025 02:51:47.670] [modloading-worker-0/INFO] [exdeorum/]: Registered "jungle_barrel" for barrel material jungle.json
[08Jul2025 02:51:47.671] [modloading-worker-0/INFO] [exdeorum/]: Registered "acacia_barrel" for barrel material acacia.json
[08Jul2025 02:51:47.671] [modloading-worker-0/INFO] [exdeorum/]: Registered "dark_oak_barrel" for barrel material dark_oak.json
[08Jul2025 02:51:47.671] [modloading-worker-0/INFO] [exdeorum/]: Registered "mangrove_barrel" for barrel material mangrove.json
[08Jul2025 02:51:47.671] [modloading-worker-0/INFO] [exdeorum/]: Registered "cherry_barrel" for barrel material cherry.json
[08Jul2025 02:51:47.671] [modloading-worker-0/INFO] [exdeorum/]: Registered "bamboo_barrel" for barrel material bamboo.json
[08Jul2025 02:51:47.671] [modloading-worker-0/INFO] [exdeorum/]: Registered "crimson_barrel" for barrel material crimson.json
[08Jul2025 02:51:47.671] [modloading-worker-0/INFO] [exdeorum/]: Registered "warped_barrel" for barrel material warped.json
[08Jul2025 02:51:47.671] [modloading-worker-0/INFO] [exdeorum/]: Registered "stone_barrel" for barrel material stone.json
[08Jul2025 02:51:47.672] [modloading-worker-0/INFO] [exdeorum/]: Registered "fir_barrel" for barrel material fir.json
[08Jul2025 02:51:47.672] [modloading-worker-0/INFO] [exdeorum/]: Registered "redwood_barrel" for barrel material redwood.json
[08Jul2025 02:51:47.672] [modloading-worker-0/INFO] [exdeorum/]: Registered "mahogany_barrel" for barrel material mahogany.json
[08Jul2025 02:51:47.672] [modloading-worker-0/INFO] [exdeorum/]: Registered "jacaranda_barrel" for barrel material jacaranda.json
[08Jul2025 02:51:47.672] [modloading-worker-0/INFO] [exdeorum/]: Registered "palm_barrel" for barrel material palm.json
[08Jul2025 02:51:47.672] [modloading-worker-0/INFO] [exdeorum/]: Registered "willow_barrel" for barrel material willow.json
[08Jul2025 02:51:47.672] [modloading-worker-0/INFO] [exdeorum/]: Registered "dead_barrel" for barrel material dead.json
[08Jul2025 02:51:47.672] [modloading-worker-0/INFO] [exdeorum/]: Registered "magic_barrel" for barrel material magic.json
[08Jul2025 02:51:47.672] [modloading-worker-0/INFO] [exdeorum/]: Registered "umbran_barrel" for barrel material umbran.json
[08Jul2025 02:51:47.673] [modloading-worker-0/INFO] [exdeorum/]: Registered "hellbark_barrel" for barrel material hellbark.json
[08Jul2025 02:51:47.673] [modloading-worker-0/INFO] [exdeorum/]: Registered "archwood_barrel" for barrel material archwood.json
[08Jul2025 02:51:47.673] [modloading-worker-0/INFO] [exdeorum/]: Registered "skyroot_barrel" for barrel material skyroot.json
[08Jul2025 02:51:47.673] [modloading-worker-0/INFO] [exdeorum/]: Registered "bluebright_barrel" for barrel material bluebright.json
[08Jul2025 02:51:47.673] [modloading-worker-0/INFO] [exdeorum/]: Registered "starlit_barrel" for barrel material starlit.json
[08Jul2025 02:51:47.673] [modloading-worker-0/INFO] [exdeorum/]: Registered "frostbright_barrel" for barrel material frostbright.json
[08Jul2025 02:51:47.673] [modloading-worker-0/INFO] [exdeorum/]: Registered "comet_barrel" for barrel material comet.json
[08Jul2025 02:51:47.674] [modloading-worker-0/INFO] [exdeorum/]: Registered "lunar_barrel" for barrel material lunar.json
[08Jul2025 02:51:47.674] [modloading-worker-0/INFO] [exdeorum/]: Registered "dusk_barrel" for barrel material dusk.json
[08Jul2025 02:51:47.674] [modloading-worker-0/INFO] [exdeorum/]: Registered "maple_barrel" for barrel material maple.json
[08Jul2025 02:51:47.675] [modloading-worker-0/INFO] [exdeorum/]: Registered "crystallized_barrel" for barrel material crystallized.json
[08Jul2025 02:51:47.675] [modloading-worker-0/INFO] [exdeorum/]: Registered "oak_sieve" for sieve material oak.json
[08Jul2025 02:51:47.676] [modloading-worker-0/INFO] [exdeorum/]: Registered "spruce_sieve" for sieve material spruce.json
[08Jul2025 02:51:47.676] [modloading-worker-0/INFO] [exdeorum/]: Registered "birch_sieve" for sieve material birch.json
[08Jul2025 02:51:47.677] [modloading-worker-0/INFO] [exdeorum/]: Registered "jungle_sieve" for sieve material jungle.json
[08Jul2025 02:51:47.677] [modloading-worker-0/INFO] [exdeorum/]: Registered "acacia_sieve" for sieve material acacia.json
[08Jul2025 02:51:47.677] [modloading-worker-0/INFO] [exdeorum/]: Registered "dark_oak_sieve" for sieve material dark_oak.json
[08Jul2025 02:51:47.677] [modloading-worker-0/INFO] [exdeorum/]: Registered "mangrove_sieve" for sieve material mangrove.json
[08Jul2025 02:51:47.678] [modloading-worker-0/INFO] [exdeorum/]: Registered "cherry_sieve" for sieve material cherry.json
[08Jul2025 02:51:47.678] [modloading-worker-0/INFO] [exdeorum/]: Registered "bamboo_sieve" for sieve material bamboo.json
[08Jul2025 02:51:47.678] [modloading-worker-0/INFO] [exdeorum/]: Registered "crimson_sieve" for sieve material crimson.json
[08Jul2025 02:51:47.678] [modloading-worker-0/INFO] [exdeorum/]: Registered "warped_sieve" for sieve material warped.json
[08Jul2025 02:51:47.678] [modloading-worker-0/INFO] [exdeorum/]: Registered "fir_sieve" for sieve material fir.json
[08Jul2025 02:51:47.679] [modloading-worker-0/INFO] [exdeorum/]: Registered "redwood_sieve" for sieve material redwood.json
[08Jul2025 02:51:47.679] [modloading-worker-0/INFO] [exdeorum/]: Registered "mahogany_sieve" for sieve material mahogany.json
[08Jul2025 02:51:47.679] [modloading-worker-0/INFO] [exdeorum/]: Registered "jacaranda_sieve" for sieve material jacaranda.json
[08Jul2025 02:51:47.679] [modloading-worker-0/INFO] [exdeorum/]: Registered "palm_sieve" for sieve material palm.json
[08Jul2025 02:51:47.679] [modloading-worker-0/INFO] [exdeorum/]: Registered "willow_sieve" for sieve material willow.json
[08Jul2025 02:51:47.679] [modloading-worker-0/INFO] [exdeorum/]: Registered "dead_sieve" for sieve material dead.json
[08Jul2025 02:51:47.679] [modloading-worker-0/INFO] [exdeorum/]: Registered "magic_sieve" for sieve material magic.json
[08Jul2025 02:51:47.679] [modloading-worker-0/INFO] [exdeorum/]: Registered "umbran_sieve" for sieve material umbran.json
[08Jul2025 02:51:47.680] [modloading-worker-0/INFO] [exdeorum/]: Registered "hellbark_sieve" for sieve material hellbark.json
[08Jul2025 02:51:47.680] [modloading-worker-0/INFO] [exdeorum/]: Registered "archwood_sieve" for sieve material archwood.json
[08Jul2025 02:51:47.680] [modloading-worker-0/INFO] [exdeorum/]: Registered "skyroot_sieve" for sieve material skyroot.json
[08Jul2025 02:51:47.680] [modloading-worker-0/INFO] [exdeorum/]: Registered "bluebright_sieve" for sieve material bluebright.json
[08Jul2025 02:51:47.682] [modloading-worker-0/INFO] [exdeorum/]: Registered "starlit_sieve" for sieve material starlit.json
[08Jul2025 02:51:47.682] [modloading-worker-0/INFO] [exdeorum/]: Registered "frostbright_sieve" for sieve material frostbright.json
[08Jul2025 02:51:47.682] [modloading-worker-0/INFO] [exdeorum/]: Registered "comet_sieve" for sieve material comet.json
[08Jul2025 02:51:47.682] [modloading-worker-0/INFO] [exdeorum/]: Registered "lunar_sieve" for sieve material lunar.json
[08Jul2025 02:51:47.682] [modloading-worker-0/INFO] [exdeorum/]: Registered "dusk_sieve" for sieve material dusk.json
[08Jul2025 02:51:47.682] [modloading-worker-0/INFO] [exdeorum/]: Registered "maple_sieve" for sieve material maple.json
[08Jul2025 02:51:47.683] [modloading-worker-0/INFO] [exdeorum/]: Registered "crystallized_sieve" for sieve material crystallized.json
[08Jul2025 02:51:47.683] [modloading-worker-0/INFO] [exdeorum/]: Registered "oak_compressed_sieve" for compressed_sieve material oak.json
[08Jul2025 02:51:47.683] [modloading-worker-0/INFO] [exdeorum/]: Registered "spruce_compressed_sieve" for compressed_sieve material spruce.json
[08Jul2025 02:51:47.683] [modloading-worker-0/INFO] [exdeorum/]: Registered "birch_compressed_sieve" for compressed_sieve material birch.json
[08Jul2025 02:51:47.683] [modloading-worker-0/INFO] [exdeorum/]: Registered "jungle_compressed_sieve" for compressed_sieve material jungle.json
[08Jul2025 02:51:47.684] [modloading-worker-0/INFO] [exdeorum/]: Registered "acacia_compressed_sieve" for compressed_sieve material acacia.json
[08Jul2025 02:51:47.684] [modloading-worker-0/INFO] [exdeorum/]: Registered "dark_oak_compressed_sieve" for compressed_sieve material dark_oak.json
[08Jul2025 02:51:47.684] [modloading-worker-0/INFO] [exdeorum/]: Registered "mangrove_compressed_sieve" for compressed_sieve material mangrove.json
[08Jul2025 02:51:47.686] [modloading-worker-0/INFO] [exdeorum/]: Registered "cherry_compressed_sieve" for compressed_sieve material cherry.json
[08Jul2025 02:51:47.686] [modloading-worker-0/INFO] [exdeorum/]: Registered "bamboo_compressed_sieve" for compressed_sieve material bamboo.json
[08Jul2025 02:51:47.689] [modloading-worker-0/INFO] [exdeorum/]: Registered "warped_compressed_sieve" for compressed_sieve material warped.json
[08Jul2025 02:51:47.689] [modloading-worker-0/INFO] [exdeorum/]: Registered "crimson_compressed_sieve" for compressed_sieve material crimson.json
[08Jul2025 02:51:47.689] [modloading-worker-0/INFO] [exdeorum/]: Registered "fir_compressed_sieve" for compressed_sieve material fir.json
[08Jul2025 02:51:47.690] [modloading-worker-0/INFO] [exdeorum/]: Registered "redwood_compressed_sieve" for compressed_sieve material redwood.json
[08Jul2025 02:51:47.690] [modloading-worker-0/INFO] [exdeorum/]: Registered "mahogany_compressed_sieve" for compressed_sieve material mahogany.json
[08Jul2025 02:51:47.690] [modloading-worker-0/INFO] [exdeorum/]: Registered "jacaranda_compressed_sieve" for compressed_sieve material jacaranda.json
[08Jul2025 02:51:47.690] [modloading-worker-0/INFO] [exdeorum/]: Registered "palm_compressed_sieve" for compressed_sieve material palm.json
[08Jul2025 02:51:47.690] [modloading-worker-0/INFO] [exdeorum/]: Registered "willow_compressed_sieve" for compressed_sieve material willow.json
[08Jul2025 02:51:47.690] [modloading-worker-0/INFO] [exdeorum/]: Registered "dead_compressed_sieve" for compressed_sieve material dead.json
[08Jul2025 02:51:47.690] [modloading-worker-0/INFO] [exdeorum/]: Registered "magic_compressed_sieve" for compressed_sieve material magic.json
[08Jul2025 02:51:47.690] [modloading-worker-0/INFO] [exdeorum/]: Registered "umbran_compressed_sieve" for compressed_sieve material umbran.json
[08Jul2025 02:51:47.690] [modloading-worker-0/INFO] [exdeorum/]: Registered "hellbark_compressed_sieve" for compressed_sieve material hellbark.json
[08Jul2025 02:51:47.690] [modloading-worker-0/INFO] [exdeorum/]: Registered "blue_archwood_compressed_sieve" for compressed_sieve material blue_archwood.json
[08Jul2025 02:51:47.691] [modloading-worker-0/INFO] [exdeorum/]: Registered "red_archwood_compressed_sieve" for compressed_sieve material red_archwood.json
[08Jul2025 02:51:47.694] [modloading-worker-0/INFO] [exdeorum/]: Registered "purple_archwood_compressed_sieve" for compressed_sieve material purple_archwood.json
[08Jul2025 02:51:47.694] [modloading-worker-0/INFO] [exdeorum/]: Registered "green_archwood_compressed_sieve" for compressed_sieve material green_archwood.json
[08Jul2025 02:51:47.694] [modloading-worker-0/INFO] [exdeorum/]: Registered "skyroot_compressed_sieve" for compressed_sieve material skyroot.json
[08Jul2025 02:51:47.694] [modloading-worker-0/INFO] [exdeorum/]: Registered "golden_oak_compressed_sieve" for compressed_sieve material golden_oak.json
[08Jul2025 02:51:47.694] [modloading-worker-0/INFO] [exdeorum/]: Registered "bluebright_compressed_sieve" for compressed_sieve material bluebright.json
[08Jul2025 02:51:47.695] [modloading-worker-0/INFO] [exdeorum/]: Registered "starlit_compressed_sieve" for compressed_sieve material starlit.json
[08Jul2025 02:51:47.695] [modloading-worker-0/INFO] [exdeorum/]: Registered "frostbright_compressed_sieve" for compressed_sieve material frostbright.json
[08Jul2025 02:51:47.695] [modloading-worker-0/INFO] [exdeorum/]: Registered "comet_compressed_sieve" for compressed_sieve material comet.json
[08Jul2025 02:51:47.695] [modloading-worker-0/INFO] [exdeorum/]: Registered "lunar_compressed_sieve" for compressed_sieve material lunar.json
[08Jul2025 02:51:47.696] [modloading-worker-0/INFO] [exdeorum/]: Registered "dusk_compressed_sieve" for compressed_sieve material dusk.json
[08Jul2025 02:51:47.697] [modloading-worker-0/INFO] [exdeorum/]: Registered "maple_compressed_sieve" for compressed_sieve material maple.json
[08Jul2025 02:51:47.697] [modloading-worker-0/INFO] [exdeorum/]: Registered "crystallized_compressed_sieve" for compressed_sieve material crystallized.json
[08Jul2025 02:51:47.698] [modloading-worker-0/INFO] [exdeorum/]: Registered "porcelain_crucible" for lava_crucible material porcelain.json
[08Jul2025 02:51:47.699] [modloading-worker-0/INFO] [exdeorum/]: Registered "warped_crucible" for lava_crucible material warped.json
[08Jul2025 02:51:47.699] [modloading-worker-0/INFO] [exdeorum/]: Registered "crimson_crucible" for lava_crucible material crimson.json
[08Jul2025 02:51:47.699] [modloading-worker-0/INFO] [exdeorum/]: Registered "hellbark_crucible" for lava_crucible material hellbark.json
[08Jul2025 02:51:47.700] [modloading-worker-0/INFO] [exdeorum/]: Registered "crystallized_crucible" for lava_crucible material crystallized.json
[08Jul2025 02:51:47.701] [modloading-worker-0/INFO] [exdeorum/]: Registered "oak_crucible" for water_crucible material oak.json
[08Jul2025 02:51:47.701] [modloading-worker-0/INFO] [exdeorum/]: Registered "spruce_crucible" for water_crucible material spruce.json
[08Jul2025 02:51:47.702] [modloading-worker-0/INFO] [exdeorum/]: Registered "birch_crucible" for water_crucible material birch.json
[08Jul2025 02:51:47.702] [modloading-worker-0/INFO] [exdeorum/]: Registered "jungle_crucible" for water_crucible material jungle.json
[08Jul2025 02:51:47.702] [modloading-worker-0/INFO] [exdeorum/]: Registered "acacia_crucible" for water_crucible material acacia.json
[08Jul2025 02:51:47.703] [modloading-worker-0/INFO] [exdeorum/]: Registered "dark_oak_crucible" for water_crucible material dark_oak.json
[08Jul2025 02:51:47.703] [modloading-worker-0/INFO] [exdeorum/]: Registered "mangrove_crucible" for water_crucible material mangrove.json
[08Jul2025 02:51:47.703] [modloading-worker-0/INFO] [exdeorum/]: Registered "cherry_crucible" for water_crucible material cherry.json
[08Jul2025 02:51:47.703] [modloading-worker-0/INFO] [exdeorum/]: Registered "bamboo_crucible" for water_crucible material bamboo.json
[08Jul2025 02:51:47.703] [modloading-worker-0/INFO] [exdeorum/]: Registered "fir_crucible" for water_crucible material fir.json
[08Jul2025 02:51:47.704] [modloading-worker-0/INFO] [exdeorum/]: Registered "redwood_crucible" for water_crucible material redwood.json
[08Jul2025 02:51:47.704] [modloading-worker-0/INFO] [exdeorum/]: Registered "mahogany_crucible" for water_crucible material mahogany.json
[08Jul2025 02:51:47.704] [modloading-worker-0/INFO] [exdeorum/]: Registered "jacaranda_crucible" for water_crucible material jacaranda.json
[08Jul2025 02:51:47.704] [modloading-worker-0/INFO] [exdeorum/]: Registered "palm_crucible" for water_crucible material palm.json
[08Jul2025 02:51:47.705] [modloading-worker-0/INFO] [exdeorum/]: Registered "willow_crucible" for water_crucible material willow.json
[08Jul2025 02:51:47.706] [modloading-worker-0/INFO] [exdeorum/]: Registered "dead_crucible" for water_crucible material dead.json
[08Jul2025 02:51:47.706] [modloading-worker-0/INFO] [exdeorum/]: Registered "magic_crucible" for water_crucible material magic.json
[08Jul2025 02:51:47.707] [modloading-worker-0/INFO] [exdeorum/]: Registered "umbran_crucible" for water_crucible material umbran.json
[08Jul2025 02:51:47.707] [modloading-worker-0/INFO] [exdeorum/]: Registered "blue_archwood_crucible" for water_crucible material blue_archwood.json
[08Jul2025 02:51:47.708] [modloading-worker-0/INFO] [exdeorum/]: Registered "red_archwood_crucible" for water_crucible material red_archwood.json
[08Jul2025 02:51:47.708] [modloading-worker-0/INFO] [exdeorum/]: Registered "purple_archwood_crucible" for water_crucible material purple_archwood.json
[08Jul2025 02:51:47.708] [modloading-worker-0/INFO] [exdeorum/]: Registered "green_archwood_crucible" for water_crucible material green_archwood.json
[08Jul2025 02:51:47.708] [modloading-worker-0/INFO] [exdeorum/]: Registered "skyroot_crucible" for water_crucible material skyroot.json
[08Jul2025 02:51:47.708] [modloading-worker-0/INFO] [exdeorum/]: Registered "golden_oak_crucible" for water_crucible material golden_oak.json
[08Jul2025 02:51:47.708] [modloading-worker-0/INFO] [exdeorum/]: Registered "bluebright_crucible" for water_crucible material bluebright.json
[08Jul2025 02:51:47.708] [modloading-worker-0/INFO] [exdeorum/]: Registered "starlit_crucible" for water_crucible material starlit.json
[08Jul2025 02:51:47.709] [modloading-worker-0/INFO] [exdeorum/]: Registered "frostbright_crucible" for water_crucible material frostbright.json
[08Jul2025 02:51:47.709] [modloading-worker-0/INFO] [exdeorum/]: Registered "comet_crucible" for water_crucible material comet.json
[08Jul2025 02:51:47.709] [modloading-worker-0/INFO] [exdeorum/]: Registered "lunar_crucible" for water_crucible material lunar.json
[08Jul2025 02:51:47.709] [modloading-worker-0/INFO] [exdeorum/]: Registered "dusk_crucible" for water_crucible material dusk.json
[08Jul2025 02:51:47.709] [modloading-worker-0/INFO] [exdeorum/]: Registered "maple_crucible" for water_crucible material maple.json
[08Jul2025 02:51:47.735] [modloading-worker-0/INFO] [mixin/]: Mixing server.MixinPlayerList from mixins/common/nochatreports.mixins.json into net.minecraft.server.players.PlayerList
[08Jul2025 02:51:48.216] [modloading-worker-0/INFO] [dev.architectury.networking.forge.NetworkManagerImpl/]: Registering C2S receiver with id architectury:sync_ids
[08Jul2025 02:51:48.217] [modloading-worker-0/INFO] [dev.architectury.networking.forge.NetworkManagerImpl/]: Registering C2S receiver with id powah:packet
[08Jul2025 02:51:48.297] [modloading-worker-0/ERROR] [packmenu/]: Running on a dedicated server, disabling mod.
[08Jul2025 02:51:48.369] [modloading-worker-0/INFO] [PluginManager/]: Scanning classes for industrialforegoing
[08Jul2025 02:51:48.384] [modloading-worker-0/INFO] [PluginManager/]: Found FeaturePluginInstance for class PatchouliPlugin for plugin patchouli
[08Jul2025 02:51:48.384] [modloading-worker-0/INFO] [PluginManager/]: Found FeaturePluginInstance for class CuriosPlugin for plugin curios
[08Jul2025 02:51:48.385] [modloading-worker-0/INFO] [PluginManager/]: Constructed class PatchouliPlugin for plugin patchouli for mod industrialforegoing
[08Jul2025 02:51:48.385] [modloading-worker-0/INFO] [PluginManager/]: Constructed class CuriosPlugin for plugin curios for mod industrialforegoing
[08Jul2025 02:51:48.386] [modloading-worker-0/INFO] [PluginManager/]: Executing phase CONSTRUCTION for plugin class PatchouliPlugin
[08Jul2025 02:51:48.394] [modloading-worker-0/INFO] [PluginManager/]: Executing phase CONSTRUCTION for plugin class CuriosPlugin
[08Jul2025 02:51:48.402] [modloading-worker-0/INFO] [PluginManager/]: Executing phase PRE_INIT for plugin class PatchouliPlugin
[08Jul2025 02:51:48.403] [modloading-worker-0/INFO] [PluginManager/]: Executing phase PRE_INIT for plugin class CuriosPlugin
[08Jul2025 02:51:48.404] [modloading-worker-0/INFO] [Better Compatibility Checker/]: Better Compatibility Checker starting
[08Jul2025 02:51:48.486] [modloading-worker-0/WARN] [mixin/]: Static binding violation: PRIVATE @Overwrite method m_215924_ in modernfix-forge.mixins.json:perf.tag_id_caching.TagEntryMixin cannot reduce visibiliy of PUBLIC target method, visibility will be upgraded.
[08Jul2025 02:51:48.489] [modloading-worker-0/WARN] [ironfurnaces.IronFurnaces/]: You have disabled Iron Furnaces's Update Checker, to re-enable: change the value of Update Checker in .minecraft->config->ironfurnaces-client.toml to 'true'.
[08Jul2025 02:51:48.635] [modloading-worker-0/INFO] [PluginManager/]: Executing phase INIT for plugin class PatchouliPlugin
[08Jul2025 02:51:48.635] [modloading-worker-0/INFO] [PluginManager/]: Executing phase INIT for plugin class CuriosPlugin
[08Jul2025 02:51:48.741] [modloading-worker-0/INFO] [PluginManager/]: Executing phase POST_INIT for plugin class PatchouliPlugin
[08Jul2025 02:51:48.741] [modloading-worker-0/INFO] [PluginManager/]: Executing phase POST_INIT for plugin class CuriosPlugin
[08Jul2025 02:51:48.801] [modloading-worker-0/INFO] [necronomicon/]: File exists, reading config for elocindev.ysns.config.DisabledEntities.
[08Jul2025 02:51:48.804] [modloading-worker-0/INFO] [necronomicon/]: Config for elocindev.ysns.config.DisabledEntities read successfully.
[08Jul2025 02:51:48.809] [modloading-worker-0/INFO] [necronomicon/]: File exists, reading config for elocindev.ysns.config.PerDimensionEntities.
[08Jul2025 02:51:48.811] [modloading-worker-0/INFO] [necronomicon/]: Config for elocindev.ysns.config.PerDimensionEntities read successfully.
[08Jul2025 02:51:48.812] [modloading-worker-0/INFO] [ysns/]: You Shall Not Spawn's Config initialized
[08Jul2025 02:51:49.024] [modloading-worker-0/INFO] [net.bdew.generators.integration.ic2c.IC2CIntegration$/]: IC2 Not loaded, skipping integration
[08Jul2025 02:51:49.232] [modloading-worker-0/INFO] [net.bdew.generators.integration.mekanism.MekanismIntegration$/]: Mekanism loaded, activating integration
[08Jul2025 02:51:49.278] [modloading-worker-0/INFO] [net.bdew.lib.network.NetChannel/]: Initialized network channel 'multiblock' for mod 'bdlib'
[08Jul2025 02:51:49.283] [modloading-worker-0/INFO] [net.bdew.lib.network.NetChannel/]: Initialized network channel 'misc' for mod 'bdlib'
[08Jul2025 02:51:49.295] [modloading-worker-0/INFO] [net.bdew.lib.BdLib$/]: Initialized multiblock manager for advgenerators
[08Jul2025 02:51:49.334] [modloading-worker-0/INFO] [net.bdew.lib.network.NetChannel/]: Initialized network channel 'generators' for mod 'advgenerators'
[08Jul2025 02:51:49.357] [modloading-worker-0/INFO] [STDERR/]: [org.spongepowered.asm.util.Locals:generateLocalVariableTable:719]: org.objectweb.asm.tree.analysis.AnalyzerException: Error at instruction 280: Insufficient maximum stack size.
[08Jul2025 02:51:49.357] [modloading-worker-0/INFO] [STDERR/]: [org.spongepowered.asm.util.Locals:generateLocalVariableTable:719]: 	at org.objectweb.asm.tree.analysis@9.7.1/org.objectweb.asm.tree.analysis.Analyzer.analyze(Analyzer.java:290)
[08Jul2025 02:51:49.357] [modloading-worker-0/INFO] [STDERR/]: [org.spongepowered.asm.util.Locals:generateLocalVariableTable:719]: 	at MC-BOOTSTRAP/org.spongepowered.mixin/org.spongepowered.asm.util.Locals.generateLocalVariableTable(Locals.java:717)
[08Jul2025 02:51:49.358] [modloading-worker-0/INFO] [STDERR/]: [org.spongepowered.asm.util.Locals:generateLocalVariableTable:719]: 	at MC-BOOTSTRAP/org.spongepowered.mixin/org.spongepowered.asm.util.Locals.getGeneratedLocalVariableTable(Locals.java:686)
[08Jul2025 02:51:49.358] [modloading-worker-0/INFO] [STDERR/]: [org.spongepowered.asm.util.Locals:generateLocalVariableTable:719]: 	at MC-BOOTSTRAP/org.spongepowered.mixin/org.spongepowered.asm.util.Locals.getLocalVariableAt(Locals.java:640)
[08Jul2025 02:51:49.358] [modloading-worker-0/INFO] [STDERR/]: [org.spongepowered.asm.util.Locals:generateLocalVariableTable:719]: 	at MC-BOOTSTRAP/org.spongepowered.mixin/org.spongepowered.asm.util.Locals.getLocalVariableAt(Locals.java:610)
[08Jul2025 02:51:49.358] [modloading-worker-0/INFO] [STDERR/]: [org.spongepowered.asm.util.Locals:generateLocalVariableTable:719]: 	at MC-BOOTSTRAP/org.spongepowered.mixin/org.spongepowered.asm.util.Locals.getLocalsAt(Locals.java:525)
[08Jul2025 02:51:49.358] [modloading-worker-0/INFO] [STDERR/]: [org.spongepowered.asm.util.Locals:generateLocalVariableTable:719]: 	at MC-BOOTSTRAP/org.spongepowered.mixin/org.spongepowered.asm.util.Locals.getLocalsAt(Locals.java:335)
[08Jul2025 02:51:49.359] [modloading-worker-0/INFO] [STDERR/]: [org.spongepowered.asm.util.Locals:generateLocalVariableTable:719]: 	at MC-BOOTSTRAP/org.spongepowered.mixin/org.spongepowered.asm.mixin.injection.callback.CallbackInjector.preInject(CallbackInjector.java:429)
[08Jul2025 02:51:49.359] [modloading-worker-0/INFO] [STDERR/]: [org.spongepowered.asm.util.Locals:generateLocalVariableTable:719]: 	at MC-BOOTSTRAP/org.spongepowered.mixin/org.spongepowered.asm.mixin.injection.code.Injector.preInject(Injector.java:258)
[08Jul2025 02:51:49.359] [modloading-worker-0/INFO] [STDERR/]: [org.spongepowered.asm.util.Locals:generateLocalVariableTable:719]: 	at MC-BOOTSTRAP/org.spongepowered.mixin/org.spongepowered.asm.mixin.injection.struct.InjectionInfo.preInject(InjectionInfo.java:436)
[08Jul2025 02:51:49.359] [modloading-worker-0/INFO] [STDERR/]: [org.spongepowered.asm.util.Locals:generateLocalVariableTable:719]: 	at MC-BOOTSTRAP/org.spongepowered.mixin/org.spongepowered.asm.mixin.transformer.MixinTargetContext.applyInjections(MixinTargetContext.java:1348)
[08Jul2025 02:51:49.359] [modloading-worker-0/INFO] [STDERR/]: [org.spongepowered.asm.util.Locals:generateLocalVariableTable:719]: 	at MC-BOOTSTRAP/org.spongepowered.mixin/org.spongepowered.asm.mixin.transformer.MixinApplicatorStandard.applyInjections(MixinApplicatorStandard.java:1051)
[08Jul2025 02:51:49.359] [modloading-worker-0/INFO] [STDERR/]: [org.spongepowered.asm.util.Locals:generateLocalVariableTable:719]: 	at MC-BOOTSTRAP/org.spongepowered.mixin/org.spongepowered.asm.mixin.transformer.MixinApplicatorStandard.applyMixin(MixinApplicatorStandard.java:400)
[08Jul2025 02:51:49.360] [modloading-worker-0/INFO] [STDERR/]: [org.spongepowered.asm.util.Locals:generateLocalVariableTable:719]: 	at MC-BOOTSTRAP/org.spongepowered.mixin/org.spongepowered.asm.mixin.transformer.MixinApplicatorStandard.apply(MixinApplicatorStandard.java:325)
[08Jul2025 02:51:49.360] [modloading-worker-0/INFO] [STDERR/]: [org.spongepowered.asm.util.Locals:generateLocalVariableTable:719]: 	at MC-BOOTSTRAP/org.spongepowered.mixin/org.spongepowered.asm.mixin.transformer.TargetClassContext.apply(TargetClassContext.java:383)
[08Jul2025 02:51:49.360] [modloading-worker-0/INFO] [STDERR/]: [org.spongepowered.asm.util.Locals:generateLocalVariableTable:719]: 	at MC-BOOTSTRAP/org.spongepowered.mixin/org.spongepowered.asm.mixin.transformer.TargetClassContext.applyMixins(TargetClassContext.java:365)
[08Jul2025 02:51:49.360] [modloading-worker-0/INFO] [STDERR/]: [org.spongepowered.asm.util.Locals:generateLocalVariableTable:719]: 	at MC-BOOTSTRAP/org.spongepowered.mixin/org.spongepowered.asm.mixin.transformer.MixinProcessor.applyMixins(MixinProcessor.java:363)
[08Jul2025 02:51:49.360] [modloading-worker-0/INFO] [STDERR/]: [org.spongepowered.asm.util.Locals:generateLocalVariableTable:719]: 	at MC-BOOTSTRAP/org.spongepowered.mixin/org.spongepowered.asm.mixin.transformer.MixinTransformer.transformClass(MixinTransformer.java:250)
[08Jul2025 02:51:49.360] [modloading-worker-0/INFO] [STDERR/]: [org.spongepowered.asm.util.Locals:generateLocalVariableTable:719]: 	at MC-BOOTSTRAP/org.spongepowered.mixin/org.spongepowered.asm.service.modlauncher.MixinTransformationHandler.processClass(MixinTransformationHandler.java:131)
[08Jul2025 02:51:49.361] [modloading-worker-0/INFO] [STDERR/]: [org.spongepowered.asm.util.Locals:generateLocalVariableTable:719]: 	at MC-BOOTSTRAP/org.spongepowered.mixin/org.spongepowered.asm.launch.MixinLaunchPluginLegacy.processClass(MixinLaunchPluginLegacy.java:131)
[08Jul2025 02:51:49.361] [modloading-worker-0/INFO] [STDERR/]: [org.spongepowered.asm.util.Locals:generateLocalVariableTable:719]: 	at MC-BOOTSTRAP/cpw.mods.modlauncher@10.0.9/cpw.mods.modlauncher.serviceapi.ILaunchPluginService.processClassWithFlags(ILaunchPluginService.java:156)
[08Jul2025 02:51:49.361] [modloading-worker-0/INFO] [STDERR/]: [org.spongepowered.asm.util.Locals:generateLocalVariableTable:719]: 	at MC-BOOTSTRAP/cpw.mods.modlauncher@10.0.9/cpw.mods.modlauncher.LaunchPluginHandler.offerClassNodeToPlugins(LaunchPluginHandler.java:88)
[08Jul2025 02:51:49.361] [modloading-worker-0/INFO] [STDERR/]: [org.spongepowered.asm.util.Locals:generateLocalVariableTable:719]: 	at MC-BOOTSTRAP/cpw.mods.modlauncher@10.0.9/cpw.mods.modlauncher.ClassTransformer.transform(ClassTransformer.java:120)
[08Jul2025 02:51:49.362] [modloading-worker-0/INFO] [STDERR/]: [org.spongepowered.asm.util.Locals:generateLocalVariableTable:719]: 	at MC-BOOTSTRAP/cpw.mods.modlauncher@10.0.9/cpw.mods.modlauncher.TransformingClassLoader.maybeTransformClassBytes(TransformingClassLoader.java:50)
[08Jul2025 02:51:49.362] [modloading-worker-0/INFO] [STDERR/]: [org.spongepowered.asm.util.Locals:generateLocalVariableTable:719]: 	at cpw.mods.securejarhandler/cpw.mods.cl.ModuleClassLoader.readerToClass(ModuleClassLoader.java:113)
[08Jul2025 02:51:49.362] [modloading-worker-0/INFO] [STDERR/]: [org.spongepowered.asm.util.Locals:generateLocalVariableTable:719]: 	at cpw.mods.securejarhandler/cpw.mods.cl.ModuleClassLoader.lambda$findClass$15(ModuleClassLoader.java:219)
[08Jul2025 02:51:49.362] [modloading-worker-0/INFO] [STDERR/]: [org.spongepowered.asm.util.Locals:generateLocalVariableTable:719]: 	at cpw.mods.securejarhandler/cpw.mods.cl.ModuleClassLoader.loadFromModule(ModuleClassLoader.java:229)
[08Jul2025 02:51:49.362] [modloading-worker-0/INFO] [STDERR/]: [org.spongepowered.asm.util.Locals:generateLocalVariableTable:719]: 	at cpw.mods.securejarhandler/cpw.mods.cl.ModuleClassLoader.findClass(ModuleClassLoader.java:219)
[08Jul2025 02:51:49.363] [modloading-worker-0/INFO] [STDERR/]: [org.spongepowered.asm.util.Locals:generateLocalVariableTable:719]: 	at cpw.mods.securejarhandler/cpw.mods.cl.ModuleClassLoader.loadClass(ModuleClassLoader.java:135)
[08Jul2025 02:51:49.363] [modloading-worker-0/INFO] [STDERR/]: [org.spongepowered.asm.util.Locals:generateLocalVariableTable:719]: 	at java.base/java.lang.ClassLoader.loadClass(ClassLoader.java:525)
[08Jul2025 02:51:49.363] [modloading-worker-0/INFO] [STDERR/]: [org.spongepowered.asm.util.Locals:generateLocalVariableTable:719]: 	at java.base/java.lang.Class.getDeclaredFields0(Native Method)
[08Jul2025 02:51:49.363] [modloading-worker-0/INFO] [STDERR/]: [org.spongepowered.asm.util.Locals:generateLocalVariableTable:719]: 	at java.base/java.lang.Class.privateGetDeclaredFields(Class.java:3297)
[08Jul2025 02:51:49.363] [modloading-worker-0/INFO] [STDERR/]: [org.spongepowered.asm.util.Locals:generateLocalVariableTable:719]: 	at java.base/java.lang.Class.getDeclaredField(Class.java:2608)
[08Jul2025 02:51:49.364] [modloading-worker-0/INFO] [STDERR/]: [org.spongepowered.asm.util.Locals:generateLocalVariableTable:719]: 	at TRANSFORMER/phosphophyllite@0.7.0-alpha.0.2/net.roguelogix.phosphophyllite.registry.Registry.<clinit>(Registry.java:60)
[08Jul2025 02:51:49.364] [modloading-worker-0/INFO] [STDERR/]: [org.spongepowered.asm.util.Locals:generateLocalVariableTable:719]: 	at TRANSFORMER/phosphophyllite@0.7.0-alpha.0.2/net.roguelogix.phosphophyllite.Phosphophyllite.<init>(Phosphophyllite.java:45)
[08Jul2025 02:51:49.364] [modloading-worker-0/INFO] [STDERR/]: [org.spongepowered.asm.util.Locals:generateLocalVariableTable:719]: 	at java.base/jdk.internal.reflect.NativeConstructorAccessorImpl.newInstance0(Native Method)
[08Jul2025 02:51:49.364] [modloading-worker-0/INFO] [STDERR/]: [org.spongepowered.asm.util.Locals:generateLocalVariableTable:719]: 	at java.base/jdk.internal.reflect.NativeConstructorAccessorImpl.newInstance(NativeConstructorAccessorImpl.java:77)
[08Jul2025 02:51:49.364] [modloading-worker-0/INFO] [STDERR/]: [org.spongepowered.asm.util.Locals:generateLocalVariableTable:719]: 	at java.base/jdk.internal.reflect.DelegatingConstructorAccessorImpl.newInstance(DelegatingConstructorAccessorImpl.java:45)
[08Jul2025 02:51:49.365] [modloading-worker-0/INFO] [STDERR/]: [org.spongepowered.asm.util.Locals:generateLocalVariableTable:719]: 	at java.base/java.lang.reflect.Constructor.newInstanceWithCaller(Constructor.java:500)
[08Jul2025 02:51:49.365] [modloading-worker-0/INFO] [STDERR/]: [org.spongepowered.asm.util.Locals:generateLocalVariableTable:719]: 	at java.base/java.lang.reflect.Constructor.newInstance(Constructor.java:481)
[08Jul2025 02:51:49.365] [modloading-worker-0/INFO] [STDERR/]: [org.spongepowered.asm.util.Locals:generateLocalVariableTable:719]: 	at LAYER PLUGIN/javafmllanguage@1.20.1-47.4.0/net.minecraftforge.fml.javafmlmod.FMLModContainer.constructMod(FMLModContainer.java:77)
[08Jul2025 02:51:49.365] [modloading-worker-0/INFO] [STDERR/]: [org.spongepowered.asm.util.Locals:generateLocalVariableTable:719]: 	at LAYER PLUGIN/fmlcore@1.20.1-47.4.0/net.minecraftforge.fml.ModContainer.lambda$buildTransitionHandler$5(ModContainer.java:126)
[08Jul2025 02:51:49.366] [modloading-worker-0/INFO] [STDERR/]: [org.spongepowered.asm.util.Locals:generateLocalVariableTable:719]: 	at java.base/java.util.concurrent.CompletableFuture$AsyncRun.run(CompletableFuture.java:1804)
[08Jul2025 02:51:49.366] [modloading-worker-0/INFO] [STDERR/]: [org.spongepowered.asm.util.Locals:generateLocalVariableTable:719]: 	at java.base/java.util.concurrent.CompletableFuture$AsyncRun.exec(CompletableFuture.java:1796)
[08Jul2025 02:51:49.366] [modloading-worker-0/INFO] [STDERR/]: [org.spongepowered.asm.util.Locals:generateLocalVariableTable:719]: 	at java.base/java.util.concurrent.ForkJoinTask.doExec(ForkJoinTask.java:373)
[08Jul2025 02:51:49.366] [modloading-worker-0/INFO] [STDERR/]: [org.spongepowered.asm.util.Locals:generateLocalVariableTable:719]: 	at java.base/java.util.concurrent.ForkJoinPool$WorkQueue.topLevelExec(ForkJoinPool.java:1182)
[08Jul2025 02:51:49.366] [modloading-worker-0/INFO] [STDERR/]: [org.spongepowered.asm.util.Locals:generateLocalVariableTable:719]: 	at java.base/java.util.concurrent.ForkJoinPool.scan(ForkJoinPool.java:1655)
[08Jul2025 02:51:49.367] [modloading-worker-0/INFO] [STDERR/]: [org.spongepowered.asm.util.Locals:generateLocalVariableTable:719]: 	at java.base/java.util.concurrent.ForkJoinPool.runWorker(ForkJoinPool.java:1622)
[08Jul2025 02:51:49.367] [modloading-worker-0/INFO] [STDERR/]: [org.spongepowered.asm.util.Locals:generateLocalVariableTable:719]: 	at java.base/java.util.concurrent.ForkJoinWorkerThread.run(ForkJoinWorkerThread.java:165)
[08Jul2025 02:51:49.367] [modloading-worker-0/INFO] [STDERR/]: [java.lang.Throwable:printStackTrace:650]: Caused by: java.lang.IndexOutOfBoundsException: Insufficient maximum stack size.
[08Jul2025 02:51:49.367] [modloading-worker-0/INFO] [STDERR/]: [java.lang.Throwable:printStackTrace:650]: 	at org.objectweb.asm.tree.analysis@9.7.1/org.objectweb.asm.tree.analysis.Frame.push(Frame.java:273)
[08Jul2025 02:51:49.367] [modloading-worker-0/INFO] [STDERR/]: [java.lang.Throwable:printStackTrace:650]: 	at org.objectweb.asm.tree.analysis@9.7.1/org.objectweb.asm.tree.analysis.Frame.execute(Frame.java:326)
[08Jul2025 02:51:49.368] [modloading-worker-0/INFO] [STDERR/]: [java.lang.Throwable:printStackTrace:650]: 	at org.objectweb.asm.tree.analysis@9.7.1/org.objectweb.asm.tree.analysis.Analyzer.analyze(Analyzer.java:173)
[08Jul2025 02:51:49.368] [modloading-worker-0/INFO] [STDERR/]: [java.lang.Throwable:printStackTrace:650]: 	... 48 more
[08Jul2025 02:51:49.385] [modloading-worker-0/INFO] [mixin/]: Mixing common.MixinServerStatus from mixins/common/nochatreports.mixins.json into net.minecraft.network.protocol.status.ServerStatus
[08Jul2025 02:51:49.512] [modloading-worker-0/INFO] [net.minecraftforge.common.ForgeMod/FORGEMOD]: Forge mod loading, version 47.4.0, for MC 1.20.1 with MCP 20230612.114412
[08Jul2025 02:51:49.513] [modloading-worker-0/INFO] [net.minecraftforge.common.MinecraftForge/FORGE]: MinecraftForge v47.4.0 Initialized
[08Jul2025 02:51:49.937] [modloading-worker-0/INFO] [STDOUT/]: [yalter.mousetweaks.Logger:Log:6]: [Mouse Tweaks] Disabled because not running on the client.
[08Jul2025 02:51:49.937] [modloading-worker-0/INFO] [necronomicon/]: Necronomicon Initialized
[08Jul2025 02:51:49.939] [modloading-worker-0/INFO] [necronomicon/]: File exists, reading config for elocindev.necronomicon.NecronomiconConfig.
[08Jul2025 02:51:49.941] [modloading-worker-0/INFO] [necronomicon/]: Config for elocindev.necronomicon.NecronomiconConfig read successfully.
[08Jul2025 02:51:49.946] [modloading-worker-0/INFO] [NoChatReports/]: KONNICHIWA ZA WARUDO!
[08Jul2025 02:51:49.948] [modloading-worker-0/INFO] [NoChatReports/]: Default JVM text encoding is: UTF-8
[08Jul2025 02:51:49.951] [modloading-worker-0/INFO] [NoChatReports/]: Reading config file NoChatReports/NCR-Common.json...
[08Jul2025 02:51:49.953] [modloading-worker-0/INFO] [NoChatReports/]: Writing config file NoChatReports/NCR-Common.json...
[08Jul2025 02:51:50.382] [modloading-worker-0/INFO] [pneumaticcraft/]: Thirdparty integration activated for [cofh_core,immersiveengineering,computercraft,jei,botania,mekanism,curios,patchouli,create]
[08Jul2025 02:51:50.575] [modloading-worker-0/INFO] [com.epherical.epherolib.config.CommonConfig/]: Creating default config file: croptopia_v3.conf
[08Jul2025 02:51:50.593] [modloading-worker-0/INFO] [thedarkcolour.kotlinforforge.test.KotlinForForge/]: Kotlin For Forge Enabled!
[08Jul2025 02:51:50.710] [modloading-worker-0/INFO] [showcaseitem/]: Loading config: /workspaces/atm9-free/servidor_minecraft/config/showcaseitem-common.toml
[08Jul2025 02:51:50.710] [modloading-worker-0/INFO] [showcaseitem/]: Built config: /workspaces/atm9-free/servidor_minecraft/config/showcaseitem-common.toml
[08Jul2025 02:51:50.711] [modloading-worker-0/INFO] [showcaseitem/]: Loaded config: /workspaces/atm9-free/servidor_minecraft/config/showcaseitem-common.toml
[08Jul2025 02:51:51.241] [modloading-worker-0/INFO] [invtweaks/]: Registered 2 network packets
[08Jul2025 02:51:51.520] [modloading-worker-0/INFO] [Bookshelf/]: Fixing MC-151457. Crafting remainder for minecraft:pufferfish_bucket is now minecraft:bucket.
[08Jul2025 02:51:51.520] [modloading-worker-0/INFO] [Bookshelf/]: Fixing MC-151457. Crafting remainder for minecraft:salmon_bucket is now minecraft:bucket.
[08Jul2025 02:51:51.520] [modloading-worker-0/INFO] [Bookshelf/]: Fixing MC-151457. Crafting remainder for minecraft:cod_bucket is now minecraft:bucket.
[08Jul2025 02:51:51.521] [modloading-worker-0/INFO] [Bookshelf/]: Fixing MC-151457. Crafting remainder for minecraft:tropical_fish_bucket is now minecraft:bucket.
[08Jul2025 02:51:51.521] [modloading-worker-0/INFO] [Bookshelf/]: Fixing MC-151457. Crafting remainder for minecraft:axolotl_bucket is now minecraft:bucket.
[08Jul2025 02:51:51.522] [modloading-worker-0/INFO] [Bookshelf/]: Fixing MC-151457. Crafting remainder for minecraft:powder_snow_bucket is now minecraft:bucket.
[08Jul2025 02:51:51.522] [modloading-worker-0/INFO] [Bookshelf/]: Fixing MC-151457. Crafting remainder for minecraft:tadpole_bucket is now minecraft:bucket.
[08Jul2025 02:51:51.785] [modloading-worker-0/INFO] [cy.jdkdigital.utilitarian.Utilitarian/]: setting up server config
[08Jul2025 02:51:52.158] [modloading-worker-0/INFO] [com.refinedmods.refinedstorage.apiimpl.API/]: Found 4 RS API injection points
[08Jul2025 02:51:52.158] [modloading-worker-0/INFO] [com.refinedmods.refinedstorage.apiimpl.API/]: Injected RS API in org.cyclops.integrateddynamicscompat.modcompat.refinedstorage.aspect.RefinedStorageAspects RS
[08Jul2025 02:51:52.159] [modloading-worker-0/INFO] [com.refinedmods.refinedstorage.apiimpl.API/]: Injected RS API in com.enderio.conduits.common.integrations.refinedstorage.RSTicker RSAPI
[08Jul2025 02:51:52.161] [modloading-worker-0/INFO] [com.refinedmods.refinedstorage.apiimpl.API/]: Injected RS API in com.enderio.conduits.common.integrations.refinedstorage.RSNodeHost RSAPI
[08Jul2025 02:51:52.162] [modloading-worker-0/INFO] [com.refinedmods.refinedstorage.apiimpl.API/]: Injected RS API in com.refinedmods.refinedstorageaddons.RSAddons RSAPI
[08Jul2025 02:51:52.191] [modloading-worker-0/INFO] [net.permutated.exmachinis.ExMachinis/]: Registering mod: exmachinis
[08Jul2025 02:51:52.545] [modloading-worker-0/INFO] [dev.architectury.networking.forge.NetworkManagerImpl/]: Registering C2S receiver with id ftbultimine:key_pressed
[08Jul2025 02:51:52.547] [modloading-worker-0/INFO] [dev.architectury.networking.forge.NetworkManagerImpl/]: Registering C2S receiver with id ftbultimine:mode_changed
[08Jul2025 02:51:52.550] [modloading-worker-0/INFO] [dev.architectury.networking.forge.NetworkManagerImpl/]: Registering C2S receiver with id ftbultimine:sync_config_to_server
[08Jul2025 02:51:52.559] [modloading-worker-0/INFO] [dev.ftb.mods.ftbultimine.FTBUltimine/]: FTB Ranks detected, listening for ranks events
[08Jul2025 02:51:52.601] [modloading-worker-0/INFO] [dev.architectury.networking.forge.NetworkManagerImpl/]: Registering C2S receiver with id ftblibrary:edit_nbt_response
[08Jul2025 02:51:52.611] [modloading-worker-0/INFO] [dev.architectury.networking.forge.NetworkManagerImpl/]: Registering C2S receiver with id findme:default/93a3df5fb37f371cb25c481f6e5b9323
[08Jul2025 02:51:52.612] [modloading-worker-0/INFO] [dev.architectury.networking.forge.NetworkManagerImpl/]: Registering C2S receiver with id findme:default/b71e26ec071d32928d9fb5d2c3ec8a7a
[08Jul2025 02:51:52.616] [modloading-worker-0/INFO] [dev.architectury.networking.forge.NetworkManagerImpl/]: Registering C2S receiver with id findme:default/1f516f929b313631ad555a7b42b1d39c
[08Jul2025 02:51:52.621] [modloading-worker-0/INFO] [dev.architectury.networking.forge.NetworkManagerImpl/]: Registering C2S receiver with id ftbteams:open_gui
[08Jul2025 02:51:52.625] [modloading-worker-0/INFO] [dev.architectury.networking.forge.NetworkManagerImpl/]: Registering C2S receiver with id ftbteams:update_settings
[08Jul2025 02:51:52.628] [modloading-worker-0/INFO] [dev.architectury.networking.forge.NetworkManagerImpl/]: Registering C2S receiver with id ftbteams:send_message
[08Jul2025 02:51:52.629] [modloading-worker-0/INFO] [dev.architectury.networking.forge.NetworkManagerImpl/]: Registering C2S receiver with id ftbteams:create_party
[08Jul2025 02:51:52.634] [modloading-worker-0/INFO] [dev.architectury.networking.forge.NetworkManagerImpl/]: Registering C2S receiver with id ftbteams:player_gui_operation
[08Jul2025 02:51:52.667] [modloading-worker-0/INFO] [com.cupboard.Cupboard/]: Loaded config for: cupboard.json
[08Jul2025 02:51:52.862] [modloading-worker-0/INFO] [ObservableNet/]: Registering class observable.net.BetterChannel$PartialPacketBegin
[08Jul2025 02:51:52.928] [modloading-worker-0/INFO] [dev.architectury.networking.forge.NetworkManagerImpl/]: Registering C2S receiver with id minecraft:channel/observable/61a49a35c5283c0aaa7b0dfea5b7a53a
[08Jul2025 02:51:52.928] [modloading-worker-0/INFO] [ObservableNet/]: Registered class observable.net.BetterChannel$PartialPacketBegin
[08Jul2025 02:51:52.929] [modloading-worker-0/INFO] [ObservableNet/]: Registering class observable.net.BetterChannel$PartialPacketData
[08Jul2025 02:51:52.936] [modloading-worker-0/INFO] [dev.architectury.networking.forge.NetworkManagerImpl/]: Registering C2S receiver with id minecraft:channel/observable/3dd73fd88be832559bc3a3c4a2e63b4a
[08Jul2025 02:51:52.938] [modloading-worker-0/INFO] [ObservableNet/]: Registered class observable.net.BetterChannel$PartialPacketData
[08Jul2025 02:51:52.940] [modloading-worker-0/INFO] [ObservableNet/]: Registering class observable.net.C2SPacket$InitTPSProfile
[08Jul2025 02:51:52.947] [modloading-worker-0/INFO] [dev.architectury.networking.forge.NetworkManagerImpl/]: Registering C2S receiver with id minecraft:channel/observable/b453c08f23b83b82b690c31bf8b2a45a
[08Jul2025 02:51:52.947] [modloading-worker-0/INFO] [ObservableNet/]: Registered class observable.net.C2SPacket$InitTPSProfile
[08Jul2025 02:51:52.948] [modloading-worker-0/INFO] [ObservableNet/]: Registering class observable.net.C2SPacket$RequestAvailability
[08Jul2025 02:51:52.951] [modloading-worker-0/INFO] [dev.architectury.networking.forge.NetworkManagerImpl/]: Registering C2S receiver with id minecraft:channel/observable/0c662822629034678f5a8f0e70375315
[08Jul2025 02:51:52.951] [modloading-worker-0/INFO] [ObservableNet/]: Registered class observable.net.C2SPacket$RequestAvailability
[08Jul2025 02:51:52.952] [modloading-worker-0/INFO] [ObservableNet/]: Registering class observable.net.S2CPacket$ProfilingStarted
[08Jul2025 02:51:52.958] [modloading-worker-0/INFO] [dev.architectury.networking.forge.NetworkManagerImpl/]: Registering C2S receiver with id minecraft:channel/observable/2e815604a29b3a5cbfe0208e619d86c4
[08Jul2025 02:51:52.958] [modloading-worker-0/INFO] [ObservableNet/]: Registered class observable.net.S2CPacket$ProfilingStarted
[08Jul2025 02:51:52.963] [modloading-worker-0/INFO] [ObservableNet/]: Registering class observable.net.S2CPacket$ProfilingCompleted
[08Jul2025 02:51:52.968] [modloading-worker-0/INFO] [KubeJS/]: Loaded common.properties
[08Jul2025 02:51:52.969] [modloading-worker-0/INFO] [dev.architectury.networking.forge.NetworkManagerImpl/]: Registering C2S receiver with id minecraft:channel/observable/9ae83199b65a3768862799cc5e461a02
[08Jul2025 02:51:52.970] [modloading-worker-0/INFO] [ObservableNet/]: Registered class observable.net.S2CPacket$ProfilingCompleted
[08Jul2025 02:51:52.970] [modloading-worker-0/INFO] [ObservableNet/]: Registering class observable.net.S2CPacket$ProfilerInactive
[08Jul2025 02:51:52.974] [modloading-worker-0/INFO] [KubeJS/]: Loaded dev.properties
[08Jul2025 02:51:52.977] [modloading-worker-0/INFO] [dev.architectury.networking.forge.NetworkManagerImpl/]: Registering C2S receiver with id minecraft:channel/observable/ae8dfae1238e312397aa53e9d14c45ca
[08Jul2025 02:51:52.977] [modloading-worker-0/INFO] [ObservableNet/]: Registered class observable.net.S2CPacket$ProfilerInactive
[08Jul2025 02:51:52.979] [modloading-worker-0/INFO] [KubeJS/]: Looking for KubeJS plugins...
[08Jul2025 02:51:52.980] [modloading-worker-0/INFO] [ObservableNet/]: Registering class observable.net.S2CPacket$ProfilingResult
[08Jul2025 02:51:52.984] [modloading-worker-0/INFO] [dev.architectury.networking.forge.NetworkManagerImpl/]: Registering C2S receiver with id minecraft:channel/observable/3a94cae7336038df9152bcb7b4b94825
[08Jul2025 02:51:52.987] [modloading-worker-0/INFO] [ObservableNet/]: Registered class observable.net.S2CPacket$ProfilingResult
[08Jul2025 02:51:52.987] [modloading-worker-0/INFO] [KubeJS/]: Found plugin source kubejs
[08Jul2025 02:51:52.988] [modloading-worker-0/INFO] [ObservableNet/]: Registering class observable.net.S2CPacket$Availability
[08Jul2025 02:51:52.994] [modloading-worker-0/INFO] [dev.architectury.networking.forge.NetworkManagerImpl/]: Registering C2S receiver with id minecraft:channel/observable/c86a824e756d312396d1ba30e943e6aa
[08Jul2025 02:51:52.994] [modloading-worker-0/INFO] [ObservableNet/]: Registered class observable.net.S2CPacket$Availability
[08Jul2025 02:51:52.997] [modloading-worker-0/WARN] [KubeJS/]: Plugin dev.latvian.mods.kubejs.forge.BuiltinKubeJSForgeClientPlugin does not load on server side, skipping
[08Jul2025 02:51:52.998] [modloading-worker-0/WARN] [KubeJS/]: Plugin dev.latvian.mods.kubejs.integration.forge.gamestages.GameStagesIntegration does not have required mod gamestages loaded, skipping
[08Jul2025 02:51:52.998] [modloading-worker-0/INFO] [KubeJS/]: Found plugin source exdeorum
[08Jul2025 02:51:52.999] [modloading-worker-0/INFO] [KubeJS/]: Found plugin source kubejs_enderio
[08Jul2025 02:51:53.004] [modloading-worker-0/INFO] [KubeJS/]: Found plugin source ftbxmodcompat
[08Jul2025 02:51:53.009] [modloading-worker-0/WARN] [KubeJS/]: Plugin dev.ftb.mods.ftbxmodcompat.ftbfiltersystem.kubejs.FFSKubeJSPlugin does not have required mod ftbfiltersystem loaded, skipping
[08Jul2025 02:51:53.019] [modloading-worker-0/INFO] [KubeJS/]: Found plugin source cucumber
[08Jul2025 02:51:53.020] [modloading-worker-0/INFO] [KubeJS/]: Found plugin source summoningrituals
[08Jul2025 02:51:53.054] [modloading-worker-0/INFO] [KubeJS/]: Found plugin source ponderjs
[08Jul2025 02:51:53.060] [modloading-worker-0/INFO] [KubeJS/]: Done in 79.64 ms
[08Jul2025 02:51:53.218] [modloading-worker-0/INFO] [FTB XMod Compat/]: [FTB Quests] Enabled KubeJS integration
[08Jul2025 02:51:53.222] [modloading-worker-0/INFO] [FTB XMod Compat/]: [FTB Chunks] Enabled KubeJS integration
[08Jul2025 02:51:53.286] [modloading-worker-0/INFO] [Rhino Script Remapper/]: Loading Rhino Minecraft remapper...
[08Jul2025 02:51:53.291] [modloading-worker-0/INFO] [dev.latvian.mods.rhino.mod.util.RhinoProperties/]: Rhino properties loaded.
[08Jul2025 02:51:53.302] [modloading-worker-0/INFO] [Rhino Script Remapper/]: Loading mappings for 1.20.1
[08Jul2025 02:51:53.329] [modloading-worker-0/INFO] [dev.architectury.networking.forge.NetworkManagerImpl/]: Registering C2S receiver with id itemfilters:main/14e7fa1454283aec8ae811ef844ada28
[08Jul2025 02:51:53.331] [modloading-worker-0/INFO] [dev.architectury.networking.forge.NetworkManagerImpl/]: Registering C2S receiver with id itemfilters:main/8f6a899247753217b9d86ab427a2b279
[08Jul2025 02:51:53.393] [modloading-worker-0/INFO] [dev.architectury.networking.forge.NetworkManagerImpl/]: Registering C2S receiver with id ftbquests:submit_task
[08Jul2025 02:51:53.396] [modloading-worker-0/INFO] [dev.architectury.networking.forge.NetworkManagerImpl/]: Registering C2S receiver with id ftbquests:claim_reward
[08Jul2025 02:51:53.398] [modloading-worker-0/INFO] [dev.architectury.networking.forge.NetworkManagerImpl/]: Registering C2S receiver with id ftbquests:get_emergency_items
[08Jul2025 02:51:53.400] [modloading-worker-0/INFO] [com.simibubi.create.Create/]: Create 6.0.4 initializing! Commit hash: 254bb816aee1c056c74b2ad4beb88222a499da78
[08Jul2025 02:51:53.402] [modloading-worker-0/INFO] [dev.architectury.networking.forge.NetworkManagerImpl/]: Registering C2S receiver with id ftbquests:claim_all_rewards
[08Jul2025 02:51:53.402] [modloading-worker-0/INFO] [dev.architectury.networking.forge.NetworkManagerImpl/]: Registering C2S receiver with id ftbquests:claim_choice_reward
[08Jul2025 02:51:53.407] [modloading-worker-0/INFO] [dev.architectury.networking.forge.NetworkManagerImpl/]: Registering C2S receiver with id ftbquests:toggle_pinned
[08Jul2025 02:51:53.408] [modloading-worker-0/INFO] [dev.architectury.networking.forge.NetworkManagerImpl/]: Registering C2S receiver with id ftbquests:toggle_chapter_pinned
[08Jul2025 02:51:53.409] [modloading-worker-0/INFO] [dev.architectury.networking.forge.NetworkManagerImpl/]: Registering C2S receiver with id ftbquests:toggle_editing_mode
[08Jul2025 02:51:53.412] [modloading-worker-0/INFO] [Rhino Script Remapper/]: Done in 0.126 s
[08Jul2025 02:51:53.412] [modloading-worker-0/INFO] [dev.architectury.networking.forge.NetworkManagerImpl/]: Registering C2S receiver with id ftbquests:force_save
[08Jul2025 02:51:53.417] [modloading-worker-0/INFO] [dev.architectury.networking.forge.NetworkManagerImpl/]: Registering C2S receiver with id ftbquests:set_custom_image
[08Jul2025 02:51:53.421] [modloading-worker-0/INFO] [dev.architectury.networking.forge.NetworkManagerImpl/]: Registering C2S receiver with id ftbquests:task_screen_config_resp
[08Jul2025 02:51:53.423] [modloading-worker-0/INFO] [dev.architectury.networking.forge.NetworkManagerImpl/]: Registering C2S receiver with id ftbquests:change_progress
[08Jul2025 02:51:53.424] [modloading-worker-0/INFO] [dev.architectury.networking.forge.NetworkManagerImpl/]: Registering C2S receiver with id ftbquests:create_object
[08Jul2025 02:51:53.427] [modloading-worker-0/INFO] [dev.architectury.networking.forge.NetworkManagerImpl/]: Registering C2S receiver with id ftbquests:create_task_at
[08Jul2025 02:51:53.427] [modloading-worker-0/INFO] [dev.architectury.networking.forge.NetworkManagerImpl/]: Registering C2S receiver with id ftbquests:delete_object
[08Jul2025 02:51:53.432] [modloading-worker-0/INFO] [dev.architectury.networking.forge.NetworkManagerImpl/]: Registering C2S receiver with id ftbquests:edit_object
[08Jul2025 02:51:53.434] [modloading-worker-0/INFO] [dev.architectury.networking.forge.NetworkManagerImpl/]: Registering C2S receiver with id ftbquests:move_chapter
[08Jul2025 02:51:53.438] [modloading-worker-0/INFO] [dev.architectury.networking.forge.NetworkManagerImpl/]: Registering C2S receiver with id ftbquests:move_quest
[08Jul2025 02:51:53.443] [modloading-worker-0/INFO] [dev.architectury.networking.forge.NetworkManagerImpl/]: Registering C2S receiver with id ftbquests:change_chapter_group
[08Jul2025 02:51:53.446] [modloading-worker-0/INFO] [dev.architectury.networking.forge.NetworkManagerImpl/]: Registering C2S receiver with id ftbquests:move_chapter_group
[08Jul2025 02:51:53.448] [modloading-worker-0/INFO] [dev.architectury.networking.forge.NetworkManagerImpl/]: Registering C2S receiver with id ftbquests:copy_quest
[08Jul2025 02:51:53.453] [modloading-worker-0/INFO] [dev.architectury.networking.forge.NetworkManagerImpl/]: Registering C2S receiver with id ftbquests:copy_chapter_image
[08Jul2025 02:51:53.456] [modloading-worker-0/INFO] [dev.architectury.networking.forge.NetworkManagerImpl/]: Registering C2S receiver with id ftbquests:sync_structures_request
[08Jul2025 02:51:53.459] [modloading-worker-0/INFO] [dev.architectury.networking.forge.NetworkManagerImpl/]: Registering C2S receiver with id ftbquests:request_team_data
[08Jul2025 02:51:53.832] [modloading-worker-0/INFO] [KubeJS/]: Added bindings for script type STARTUP from mod 'almostunified': [AlmostUnified]
[08Jul2025 02:51:53.946] [modloading-worker-0/INFO] [KubeJS Startup/]: custom_additions.js#4: Loaded Java class 'net.minecraftforge.registries.ForgeRegistries'
[08Jul2025 02:51:53.952] [modloading-worker-0/INFO] [KubeJS Startup/]: custom_additions.js#5: Loaded Java class 'net.minecraft.world.item.DyeColor'
[08Jul2025 02:51:53.965] [modloading-worker-0/INFO] [KubeJS Startup/]: Loaded script startup_scripts:custom_additions.js in 0.13 s
[08Jul2025 02:51:53.976] [modloading-worker-0/INFO] [KubeJS Startup/]: farmingForBlockheads.js#11: Loaded Java class 'net.blay09.mods.farmingforblockheads.api.FarmingForBlockheadsAPI'
[08Jul2025 02:51:53.979] [modloading-worker-0/INFO] [KubeJS Startup/]: Loaded script startup_scripts:farmingForBlockheads.js in 0.012 s
[08Jul2025 02:51:53.979] [modloading-worker-0/INFO] [KubeJS Startup/]: Loaded script startup_scripts:AE2/Universal_Press.js in 0.0 s
[08Jul2025 02:51:53.986] [modloading-worker-0/INFO] [KubeJS Startup/]: Loaded 3/3 KubeJS startup scripts in 0.566 s with 0 errors and 0 warnings
[08Jul2025 02:51:54.093] [modloading-worker-0/INFO] [dev.architectury.networking.forge.NetworkManagerImpl/]: Registering C2S receiver with id kubejs:send_data_from_client
[08Jul2025 02:51:54.096] [modloading-worker-0/INFO] [dev.architectury.networking.forge.NetworkManagerImpl/]: Registering C2S receiver with id kubejs:first_click
[08Jul2025 02:51:54.298] [modloading-worker-0/WARN] [defaultsettings/]: DefaultSettings is a client-side mod only! It won't do anything on servers!
[08Jul2025 02:51:54.447] [modloading-worker-0/INFO] [dev.architectury.networking.forge.NetworkManagerImpl/]: Registering C2S receiver with id ftbchunks:request_map_data
[08Jul2025 02:51:54.448] [modloading-worker-0/INFO] [dev.architectury.networking.forge.NetworkManagerImpl/]: Registering C2S receiver with id ftbchunks:share_waypoint
[08Jul2025 02:51:54.455] [modloading-worker-0/INFO] [dev.architectury.networking.forge.NetworkManagerImpl/]: Registering C2S receiver with id ftbchunks:request_chunk_change
[08Jul2025 02:51:54.459] [modloading-worker-0/INFO] [dev.architectury.networking.forge.NetworkManagerImpl/]: Registering C2S receiver with id ftbchunks:teleport_from_map
[08Jul2025 02:51:54.462] [modloading-worker-0/INFO] [dev.architectury.networking.forge.NetworkManagerImpl/]: Registering C2S receiver with id ftbchunks:sync_tx
[08Jul2025 02:51:54.465] [modloading-worker-0/INFO] [dev.architectury.networking.forge.NetworkManagerImpl/]: Registering C2S receiver with id ftbchunks:update_force_load_expiry
[08Jul2025 02:51:54.466] [modloading-worker-0/INFO] [dev.architectury.networking.forge.NetworkManagerImpl/]: Registering C2S receiver with id ftbchunks:server_config_request
[08Jul2025 02:51:54.614] [modloading-worker-0/INFO] [BrandonsCore/]: Knock Knock...
[08Jul2025 02:51:54.616] [modloading-worker-0/WARN] [draconicevolution/]: Reactor detonation initiated.
[08Jul2025 02:51:54.616] [modloading-worker-0/INFO] [BrandonsCore/]: Wait... NO! What?
[08Jul2025 02:51:54.616] [modloading-worker-0/INFO] [BrandonsCore/]: Stop That! That's not how this works!
[08Jul2025 02:51:54.617] [modloading-worker-0/WARN] [draconicevolution/]: Calculating explosion ETA
[08Jul2025 02:51:54.617] [modloading-worker-0/INFO] [BrandonsCore/]: Ahh... NO... NONONO! DONT DO THAT!!! STOP THIS NOW!
[08Jul2025 02:51:54.617] [modloading-worker-0/WARN] [draconicevolution/]: **Explosion Imminent!!!**
[08Jul2025 02:51:54.617] [modloading-worker-0/INFO] [BrandonsCore/]: Well...... fork...
[08Jul2025 02:51:54.812] [modloading-worker-0/INFO] [STDOUT/]: [wayoftime.bloodmagic.structures.DungeonRoomLoader:loadDungeons:191]: Loading schematic: bloodmagic:t_corridor
[08Jul2025 02:51:54.836] [modloading-worker-0/INFO] [STDOUT/]: [wayoftime.bloodmagic.structures.DungeonRoomLoader:loadDungeons:193]: Resulting dungeon: wayoftime.bloodmagic.structures.DungeonRoom@30e4a5c7
[08Jul2025 02:51:54.836] [modloading-worker-0/INFO] [STDOUT/]: [wayoftime.bloodmagic.structures.DungeonRoomLoader:loadDungeons:191]: Loading schematic: bloodmagic:four_way_corridor_loot
[08Jul2025 02:51:54.838] [modloading-worker-0/INFO] [STDOUT/]: [wayoftime.bloodmagic.structures.DungeonRoomLoader:loadDungeons:193]: Resulting dungeon: wayoftime.bloodmagic.structures.DungeonRoom@50f7fc60
[08Jul2025 02:51:54.838] [modloading-worker-0/INFO] [STDOUT/]: [wayoftime.bloodmagic.structures.DungeonRoomLoader:loadDungeons:191]: Loading schematic: bloodmagic:four_way_corridor
[08Jul2025 02:51:54.839] [modloading-worker-0/INFO] [STDOUT/]: [wayoftime.bloodmagic.structures.DungeonRoomLoader:loadDungeons:193]: Resulting dungeon: wayoftime.bloodmagic.structures.DungeonRoom@438b65aa
[08Jul2025 02:51:54.839] [modloading-worker-0/INFO] [STDOUT/]: [wayoftime.bloodmagic.structures.DungeonRoomLoader:loadDungeons:191]: Loading schematic: bloodmagic:standard/ore_hold_1
[08Jul2025 02:51:54.841] [modloading-worker-0/INFO] [STDOUT/]: [wayoftime.bloodmagic.structures.DungeonRoomLoader:loadDungeons:193]: Resulting dungeon: wayoftime.bloodmagic.structures.DungeonRoom@582c7868
[08Jul2025 02:51:54.842] [modloading-worker-0/INFO] [STDOUT/]: [wayoftime.bloodmagic.structures.DungeonRoomLoader:loadDungeons:191]: Loading schematic: bloodmagic:straight_corridor
[08Jul2025 02:51:54.844] [modloading-worker-0/INFO] [STDOUT/]: [wayoftime.bloodmagic.structures.DungeonRoomLoader:loadDungeons:193]: Resulting dungeon: wayoftime.bloodmagic.structures.DungeonRoom@499390aa
[08Jul2025 02:51:54.844] [modloading-worker-0/INFO] [STDOUT/]: [wayoftime.bloodmagic.structures.DungeonRoomLoader:loadDungeons:191]: Loading schematic: bloodmagic:overlapped_corridor
[08Jul2025 02:51:54.844] [modloading-worker-0/INFO] [STDOUT/]: [wayoftime.bloodmagic.structures.DungeonRoomLoader:loadDungeons:193]: Resulting dungeon: wayoftime.bloodmagic.structures.DungeonRoom@4971f6f7
[08Jul2025 02:51:54.845] [modloading-worker-0/INFO] [STDOUT/]: [wayoftime.bloodmagic.structures.DungeonRoomLoader:loadDungeons:191]: Loading schematic: bloodmagic:spiral_staircase
[08Jul2025 02:51:54.846] [modloading-worker-0/INFO] [STDOUT/]: [wayoftime.bloodmagic.structures.DungeonRoomLoader:loadDungeons:193]: Resulting dungeon: wayoftime.bloodmagic.structures.DungeonRoom@5c6e17dd
[08Jul2025 02:51:54.847] [modloading-worker-0/INFO] [STDOUT/]: [wayoftime.bloodmagic.structures.DungeonRoomLoader:loadDungeons:191]: Loading schematic: bloodmagic:standard/water_way
[08Jul2025 02:51:54.848] [modloading-worker-0/INFO] [STDOUT/]: [wayoftime.bloodmagic.structures.DungeonRoomLoader:loadDungeons:193]: Resulting dungeon: wayoftime.bloodmagic.structures.DungeonRoom@1bf422ab
[08Jul2025 02:51:54.848] [modloading-worker-0/INFO] [STDOUT/]: [wayoftime.bloodmagic.structures.DungeonRoomLoader:loadDungeons:191]: Loading schematic: bloodmagic:standard/mine_entrance
[08Jul2025 02:51:54.850] [modloading-worker-0/INFO] [STDOUT/]: [wayoftime.bloodmagic.structures.DungeonRoomLoader:loadDungeons:193]: Resulting dungeon: wayoftime.bloodmagic.structures.DungeonRoom@2c0b3ec9
[08Jul2025 02:51:54.850] [modloading-worker-0/INFO] [STDOUT/]: [wayoftime.bloodmagic.structures.DungeonRoomLoader:loadDungeons:191]: Loading schematic: bloodmagic:mines/mine_key
[08Jul2025 02:51:54.851] [modloading-worker-0/INFO] [STDOUT/]: [wayoftime.bloodmagic.structures.DungeonRoomLoader:loadDungeons:193]: Resulting dungeon: wayoftime.bloodmagic.structures.DungeonRoom@44bbb48f
[08Jul2025 02:51:54.852] [modloading-worker-0/INFO] [STDOUT/]: [wayoftime.bloodmagic.structures.DungeonRoomLoader:loadDungeons:191]: Loading schematic: bloodmagic:mines/pit
[08Jul2025 02:51:54.856] [modloading-worker-0/INFO] [STDOUT/]: [wayoftime.bloodmagic.structures.DungeonRoomLoader:loadDungeons:193]: Resulting dungeon: wayoftime.bloodmagic.structures.DungeonRoom@3176331c
[08Jul2025 02:51:54.856] [modloading-worker-0/INFO] [STDOUT/]: [wayoftime.bloodmagic.structures.DungeonRoomLoader:loadDungeons:191]: Loading schematic: bloodmagic:mines/corner_zombie_trap
[08Jul2025 02:51:54.858] [modloading-worker-0/INFO] [STDOUT/]: [wayoftime.bloodmagic.structures.DungeonRoomLoader:loadDungeons:193]: Resulting dungeon: wayoftime.bloodmagic.structures.DungeonRoom@56a911a1
[08Jul2025 02:51:54.858] [modloading-worker-0/INFO] [STDOUT/]: [wayoftime.bloodmagic.structures.DungeonRoomLoader:loadDungeons:191]: Loading schematic: bloodmagic:mines/split_road
[08Jul2025 02:51:54.860] [modloading-worker-0/INFO] [STDOUT/]: [wayoftime.bloodmagic.structures.DungeonRoomLoader:loadDungeons:193]: Resulting dungeon: wayoftime.bloodmagic.structures.DungeonRoom@42e01470
[08Jul2025 02:51:54.860] [modloading-worker-0/INFO] [STDOUT/]: [wayoftime.bloodmagic.structures.DungeonRoomLoader:loadDungeons:191]: Loading schematic: bloodmagic:mines/station
[08Jul2025 02:51:54.862] [modloading-worker-0/INFO] [STDOUT/]: [wayoftime.bloodmagic.structures.DungeonRoomLoader:loadDungeons:193]: Resulting dungeon: wayoftime.bloodmagic.structures.DungeonRoom@133e32ec
[08Jul2025 02:51:54.862] [modloading-worker-0/INFO] [STDOUT/]: [wayoftime.bloodmagic.structures.DungeonRoomLoader:loadDungeons:191]: Loading schematic: bloodmagic:mines/downward_tunnel
[08Jul2025 02:51:54.864] [modloading-worker-0/INFO] [STDOUT/]: [wayoftime.bloodmagic.structures.DungeonRoomLoader:loadDungeons:193]: Resulting dungeon: wayoftime.bloodmagic.structures.DungeonRoom@5b9105dd
[08Jul2025 02:51:54.864] [modloading-worker-0/INFO] [STDOUT/]: [wayoftime.bloodmagic.structures.DungeonRoomLoader:loadDungeons:191]: Loading schematic: bloodmagic:mines/junction_station
[08Jul2025 02:51:54.867] [modloading-worker-0/INFO] [STDOUT/]: [wayoftime.bloodmagic.structures.DungeonRoomLoader:loadDungeons:193]: Resulting dungeon: wayoftime.bloodmagic.structures.DungeonRoom@57cb488a
[08Jul2025 02:51:54.869] [modloading-worker-0/INFO] [STDOUT/]: [wayoftime.bloodmagic.structures.DungeonRoomLoader:loadDungeons:191]: Loading schematic: bloodmagic:mines/downward_shaft
[08Jul2025 02:51:54.872] [modloading-worker-0/INFO] [STDOUT/]: [wayoftime.bloodmagic.structures.DungeonRoomLoader:loadDungeons:193]: Resulting dungeon: wayoftime.bloodmagic.structures.DungeonRoom@764323ce
[08Jul2025 02:51:54.874] [modloading-worker-0/INFO] [STDOUT/]: [wayoftime.bloodmagic.structures.DungeonRoomLoader:loadDungeons:191]: Loading schematic: bloodmagic:mines/nature_crossroad
[08Jul2025 02:51:54.875] [modloading-worker-0/INFO] [STDOUT/]: [wayoftime.bloodmagic.structures.DungeonRoomLoader:loadDungeons:193]: Resulting dungeon: wayoftime.bloodmagic.structures.DungeonRoom@696b9629
[08Jul2025 02:51:54.875] [modloading-worker-0/INFO] [STDOUT/]: [wayoftime.bloodmagic.structures.DungeonRoomLoader:loadDungeons:191]: Loading schematic: bloodmagic:mines/wolf_den
[08Jul2025 02:51:54.875] [modloading-worker-0/INFO] [STDOUT/]: [wayoftime.bloodmagic.structures.DungeonRoomLoader:loadDungeons:193]: Resulting dungeon: wayoftime.bloodmagic.structures.DungeonRoom@6b8d5983
[08Jul2025 02:51:54.876] [modloading-worker-0/INFO] [STDOUT/]: [wayoftime.bloodmagic.structures.DungeonRoomLoader:loadDungeons:191]: Loading schematic: bloodmagic:mines/ore_cavern
[08Jul2025 02:51:54.876] [modloading-worker-0/INFO] [STDOUT/]: [wayoftime.bloodmagic.structures.DungeonRoomLoader:loadDungeons:193]: Resulting dungeon: wayoftime.bloodmagic.structures.DungeonRoom@349177b0
[08Jul2025 02:51:54.876] [modloading-worker-0/INFO] [STDOUT/]: [wayoftime.bloodmagic.structures.DungeonRoomLoader:loadDungeons:191]: Loading schematic: bloodmagic:mines/straight_corridor
[08Jul2025 02:51:54.884] [modloading-worker-0/INFO] [STDOUT/]: [wayoftime.bloodmagic.structures.DungeonRoomLoader:loadDungeons:193]: Resulting dungeon: wayoftime.bloodmagic.structures.DungeonRoom@6452c1e
[08Jul2025 02:51:54.885] [modloading-worker-0/INFO] [STDOUT/]: [wayoftime.bloodmagic.structures.DungeonRoomLoader:loadDungeons:191]: Loading schematic: bloodmagic:mines/bent_corridor
[08Jul2025 02:51:54.885] [modloading-worker-0/INFO] [STDOUT/]: [wayoftime.bloodmagic.structures.DungeonRoomLoader:loadDungeons:193]: Resulting dungeon: wayoftime.bloodmagic.structures.DungeonRoom@5229cae
[08Jul2025 02:51:54.885] [modloading-worker-0/INFO] [STDOUT/]: [wayoftime.bloodmagic.structures.DungeonRoomLoader:loadDungeons:191]: Loading schematic: bloodmagic:mines/fourway_corridor
[08Jul2025 02:51:54.885] [modloading-worker-0/INFO] [STDOUT/]: [wayoftime.bloodmagic.structures.DungeonRoomLoader:loadDungeons:193]: Resulting dungeon: wayoftime.bloodmagic.structures.DungeonRoom@15b2b1df
[08Jul2025 02:51:54.885] [modloading-worker-0/INFO] [STDOUT/]: [wayoftime.bloodmagic.structures.DungeonRoomLoader:loadDungeons:191]: Loading schematic: bloodmagic:mini_dungeon/library
[08Jul2025 02:51:54.886] [modloading-worker-0/INFO] [STDOUT/]: [wayoftime.bloodmagic.structures.DungeonRoomLoader:loadDungeons:193]: Resulting dungeon: wayoftime.bloodmagic.structures.DungeonRoom@2e2f3c75
[08Jul2025 02:51:54.886] [modloading-worker-0/INFO] [STDOUT/]: [wayoftime.bloodmagic.structures.DungeonRoomLoader:loadDungeons:191]: Loading schematic: bloodmagic:mini_dungeon/armoury
[08Jul2025 02:51:54.886] [modloading-worker-0/INFO] [STDOUT/]: [wayoftime.bloodmagic.structures.DungeonRoomLoader:loadDungeons:193]: Resulting dungeon: wayoftime.bloodmagic.structures.DungeonRoom@3ef7976c
[08Jul2025 02:51:54.886] [modloading-worker-0/INFO] [STDOUT/]: [wayoftime.bloodmagic.structures.DungeonRoomLoader:loadDungeons:191]: Loading schematic: bloodmagic:mini_dungeon/farm
[08Jul2025 02:51:54.887] [modloading-worker-0/INFO] [STDOUT/]: [wayoftime.bloodmagic.structures.DungeonRoomLoader:loadDungeons:193]: Resulting dungeon: wayoftime.bloodmagic.structures.DungeonRoom@6263f25a
[08Jul2025 02:51:54.887] [modloading-worker-0/INFO] [STDOUT/]: [wayoftime.bloodmagic.structures.DungeonRoomLoader:loadDungeons:191]: Loading schematic: bloodmagic:mini_dungeon/portal_nether
[08Jul2025 02:51:54.887] [modloading-worker-0/INFO] [STDOUT/]: [wayoftime.bloodmagic.structures.DungeonRoomLoader:loadDungeons:193]: Resulting dungeon: wayoftime.bloodmagic.structures.DungeonRoom@60703235
[08Jul2025 02:51:54.891] [modloading-worker-0/INFO] [STDOUT/]: [wayoftime.bloodmagic.structures.DungeonRoomLoader:loadDungeons:191]: Loading schematic: bloodmagic:mini_dungeon/crypt
[08Jul2025 02:51:54.892] [modloading-worker-0/INFO] [STDOUT/]: [wayoftime.bloodmagic.structures.DungeonRoomLoader:loadDungeons:193]: Resulting dungeon: wayoftime.bloodmagic.structures.DungeonRoom@19c90fc6
[08Jul2025 02:51:54.892] [modloading-worker-0/INFO] [STDOUT/]: [wayoftime.bloodmagic.structures.DungeonRoomLoader:loadDungeons:191]: Loading schematic: bloodmagic:standard/challenge_tower
[08Jul2025 02:51:54.893] [modloading-worker-0/INFO] [STDOUT/]: [wayoftime.bloodmagic.structures.DungeonRoomLoader:loadDungeons:193]: Resulting dungeon: wayoftime.bloodmagic.structures.DungeonRoom@2be9ccd5
[08Jul2025 02:51:54.894] [modloading-worker-0/INFO] [STDOUT/]: [wayoftime.bloodmagic.structures.DungeonRoomLoader:loadDungeons:191]: Loading schematic: bloodmagic:standard/big_library
[08Jul2025 02:51:54.896] [modloading-worker-0/INFO] [STDOUT/]: [wayoftime.bloodmagic.structures.DungeonRoomLoader:loadDungeons:193]: Resulting dungeon: wayoftime.bloodmagic.structures.DungeonRoom@631fca82
[08Jul2025 02:51:54.897] [modloading-worker-0/INFO] [STDOUT/]: [wayoftime.bloodmagic.structures.DungeonRoomLoader:loadDungeons:191]: Loading schematic: bloodmagic:standard/small_crane
[08Jul2025 02:51:54.898] [modloading-worker-0/INFO] [STDOUT/]: [wayoftime.bloodmagic.structures.DungeonRoomLoader:loadDungeons:193]: Resulting dungeon: wayoftime.bloodmagic.structures.DungeonRoom@31dd891d
[08Jul2025 02:51:54.899] [modloading-worker-0/INFO] [STDOUT/]: [wayoftime.bloodmagic.structures.DungeonRoomLoader:loadDungeons:191]: Loading schematic: bloodmagic:standard/small_library
[08Jul2025 02:51:54.902] [modloading-worker-0/INFO] [STDOUT/]: [wayoftime.bloodmagic.structures.DungeonRoomLoader:loadDungeons:193]: Resulting dungeon: wayoftime.bloodmagic.structures.DungeonRoom@6c600a2
[08Jul2025 02:51:54.904] [modloading-worker-0/INFO] [STDOUT/]: [wayoftime.bloodmagic.structures.DungeonRoomLoader:loadDungeons:191]: Loading schematic: bloodmagic:standard/small_smithy
[08Jul2025 02:51:54.905] [modloading-worker-0/INFO] [STDOUT/]: [wayoftime.bloodmagic.structures.DungeonRoomLoader:loadDungeons:193]: Resulting dungeon: wayoftime.bloodmagic.structures.DungeonRoom@712fa6bc
[08Jul2025 02:51:54.905] [modloading-worker-0/INFO] [STDOUT/]: [wayoftime.bloodmagic.structures.DungeonRoomLoader:loadDungeons:191]: Loading schematic: bloodmagic:standard/tall_spiral
[08Jul2025 02:51:54.905] [modloading-worker-0/INFO] [STDOUT/]: [wayoftime.bloodmagic.structures.DungeonRoomLoader:loadDungeons:193]: Resulting dungeon: wayoftime.bloodmagic.structures.DungeonRoom@532d085f
[08Jul2025 02:51:54.905] [modloading-worker-0/INFO] [STDOUT/]: [wayoftime.bloodmagic.structures.DungeonRoomLoader:loadDungeons:191]: Loading schematic: bloodmagic:standard/small_arena
[08Jul2025 02:51:54.908] [modloading-worker-0/INFO] [STDOUT/]: [wayoftime.bloodmagic.structures.DungeonRoomLoader:loadDungeons:193]: Resulting dungeon: wayoftime.bloodmagic.structures.DungeonRoom@6413e541
[08Jul2025 02:51:54.908] [modloading-worker-0/INFO] [STDOUT/]: [wayoftime.bloodmagic.structures.DungeonRoomLoader:loadDungeons:191]: Loading schematic: bloodmagic:standard/antechamber
[08Jul2025 02:51:54.912] [modloading-worker-0/INFO] [STDOUT/]: [wayoftime.bloodmagic.structures.DungeonRoomLoader:loadDungeons:193]: Resulting dungeon: wayoftime.bloodmagic.structures.DungeonRoom@72a27d69
[08Jul2025 02:51:54.913] [modloading-worker-0/INFO] [STDOUT/]: [wayoftime.bloodmagic.structures.DungeonRoomLoader:loadDungeons:191]: Loading schematic: bloodmagic:standard/destroyed_end_portal
[08Jul2025 02:51:54.917] [modloading-worker-0/INFO] [STDOUT/]: [wayoftime.bloodmagic.structures.DungeonRoomLoader:loadDungeons:193]: Resulting dungeon: wayoftime.bloodmagic.structures.DungeonRoom@4cae88dd
[08Jul2025 02:51:54.918] [modloading-worker-0/INFO] [STDOUT/]: [wayoftime.bloodmagic.structures.DungeonRoomLoader:loadDungeons:191]: Loading schematic: bloodmagic:standard/four_way_corridor_loot
[08Jul2025 02:51:54.919] [modloading-worker-0/INFO] [STDOUT/]: [wayoftime.bloodmagic.structures.DungeonRoomLoader:loadDungeons:193]: Resulting dungeon: wayoftime.bloodmagic.structures.DungeonRoom@4aeba50b
[08Jul2025 02:51:54.919] [modloading-worker-0/INFO] [STDOUT/]: [wayoftime.bloodmagic.structures.DungeonRoomLoader:loadDungeons:191]: Loading schematic: bloodmagic:t3_entrance
[08Jul2025 02:51:54.919] [modloading-worker-0/INFO] [STDOUT/]: [wayoftime.bloodmagic.structures.DungeonRoomLoader:loadDungeons:193]: Resulting dungeon: wayoftime.bloodmagic.structures.DungeonRoom@79d0c12d
[08Jul2025 02:51:54.920] [modloading-worker-0/INFO] [STDOUT/]: [wayoftime.bloodmagic.structures.DungeonRoomLoader:loadDungeons:191]: Loading schematic: bloodmagic:standard_entrance
[08Jul2025 02:51:54.920] [modloading-worker-0/INFO] [STDOUT/]: [wayoftime.bloodmagic.structures.DungeonRoomLoader:loadDungeons:193]: Resulting dungeon: wayoftime.bloodmagic.structures.DungeonRoom@51a73444
[08Jul2025 02:51:54.920] [modloading-worker-0/INFO] [STDOUT/]: [wayoftime.bloodmagic.structures.DungeonRoomLoader:loadDungeons:191]: Loading schematic: bloodmagic:default_deadend
[08Jul2025 02:51:54.920] [modloading-worker-0/INFO] [STDOUT/]: [wayoftime.bloodmagic.structures.DungeonRoomLoader:loadDungeons:193]: Resulting dungeon: wayoftime.bloodmagic.structures.DungeonRoom@3ac8cfcf
[08Jul2025 02:51:54.920] [modloading-worker-0/INFO] [STDOUT/]: [wayoftime.bloodmagic.structures.DungeonRoomLoader:loadDungeons:191]: Loading schematic: bloodmagic:mines/deadend
[08Jul2025 02:51:54.920] [modloading-worker-0/INFO] [STDOUT/]: [wayoftime.bloodmagic.structures.DungeonRoomLoader:loadDungeons:193]: Resulting dungeon: wayoftime.bloodmagic.structures.DungeonRoom@4c874733
[08Jul2025 02:51:54.921] [modloading-worker-0/INFO] [STDOUT/]: [wayoftime.bloodmagic.structures.DungeonRoomLoader:loadDungeons:197]: # schematics: 42
[08Jul2025 02:51:54.947] [modloading-worker-0/INFO] [Mystical Agriculture/]: Registered plugin: com.blakebr0.mysticalagriculture.lib.ModCorePlugin
[08Jul2025 02:51:54.965] [modloading-worker-0/INFO] [Mystical Agriculture/]: Registered plugin: com.blakebr0.mysticalcustomization.lib.ModCorePlugin
[08Jul2025 02:51:54.969] [modloading-worker-0/INFO] [Mystical Agriculture/]: Registered plugin: com.blakebr0.mysticalagradditions.lib.ModCorePlugin
[08Jul2025 02:51:54.987] [modloading-worker-0/INFO] [Mystical Agriculture/]: Loaded 3 plugins
[08Jul2025 02:51:55.135] [modloading-worker-0/INFO] [PluginManager/]: Scanning classes for titanium
[08Jul2025 02:51:55.362] [modloading-worker-0/INFO] [STDOUT/]: [net.valhelsia.valhelsia_core.api.common.item.tab.forge.CreativeTabFactoryImpl:create:15]: TEST
[08Jul2025 02:51:55.362] [modloading-worker-0/INFO] [STDOUT/]: [net.valhelsia.valhelsia_core.api.common.item.tab.forge.CreativeTabFactoryImpl:create:21]: TEST2
[08Jul2025 02:51:55.384] [modloading-worker-0/INFO] [com.almostreliable.kubeio.ModInitializer/]: Loading EnderIO integration for KubeJS
[08Jul2025 02:51:55.386] [modloading-worker-0/INFO] [com.Pdiddy973.AllTheCompressed.AllTheCompressed/]: Registering mod: allthecompressed
[08Jul2025 02:51:55.426] [modloading-worker-0/INFO] [com.Pdiddy973.AllTheCompressed.AllTheCompressed/]: Registering overlays for loaded mods: [allthemodium, alltheores, allthetweaks, botania, enderio, minecraft, powah, productivebees, supplementaries]
[08Jul2025 02:51:55.427] [modloading-worker-0/INFO] [com.Pdiddy973.AllTheCompressed.AllTheCompressed/]: Skipping overlays for absent mods: []
[08Jul2025 02:51:55.696] [modloading-worker-0/INFO] [creativewirelesstransmitter/]: Loading config: /workspaces/atm9-free/servidor_minecraft/config/creativewirelesstransmitter-common.toml
[08Jul2025 02:51:55.697] [modloading-worker-0/INFO] [creativewirelesstransmitter/]: Built config: /workspaces/atm9-free/servidor_minecraft/config/creativewirelesstransmitter-common.toml
[08Jul2025 02:51:55.697] [modloading-worker-0/INFO] [creativewirelesstransmitter/]: Loaded config: /workspaces/atm9-free/servidor_minecraft/config/creativewirelesstransmitter-common.toml
[08Jul2025 02:51:55.936] [modloading-worker-0/INFO] [net.permutated.pylons.Pylons/]: Registering mod: pylons
[08Jul2025 02:51:55.975] [modloading-worker-0/INFO] [net.permutated.pylons.Pylons/]: Registered 1 network packets
[08Jul2025 02:51:55.979] [modloading-worker-0/INFO] [YetAnotherConfigLib/]: Deserializing YACLConfig from '/workspaces/atm9-free/servidor_minecraft/config/yacl.json5'
[08Jul2025 02:51:56.003] [modloading-worker-0/INFO] [PluginManager/]: Scanning classes for functionalstorage
[08Jul2025 02:51:56.084] [modloading-worker-0/INFO] [MEGA Cells/]: Initialised items.
[08Jul2025 02:51:56.084] [modloading-worker-0/INFO] [STDOUT/]: [com.enderio.core.EnderCore:onConstruct:25]: ================ Core construct ==================
[08Jul2025 02:51:56.086] [modloading-worker-0/INFO] [STDOUT/]: [com.enderio.conduits.EIOConduits:onConstruct:30]: ================ Conduits construct ==================
[08Jul2025 02:51:56.094] [modloading-worker-0/INFO] [dev.tonimatas.packetfixer.PacketFixer/]: Packet Fixer has been initialized successfully
[08Jul2025 02:51:56.100] [modloading-worker-0/INFO] [MEGA Cells/]: Initialised blocks.
[08Jul2025 02:51:56.107] [modloading-worker-0/INFO] [MEGA Cells/]: Initialised block entities.
[08Jul2025 02:51:56.115] [modloading-worker-0/INFO] [MEGA Cells/]: Initialised Applied Botanics integration.
[08Jul2025 02:51:56.122] [modloading-worker-0/INFO] [MEGA Cells/]: Initialised Applied Mekanistics integration.
[08Jul2025 02:51:56.126] [modloading-worker-0/INFO] [MEGA Cells/]: Initialised Ars Énergistique integration.
[08Jul2025 02:51:56.137] [modloading-worker-0/INFO] [MEGA Cells/]: Initialised AppliedE integration.
[08Jul2025 02:51:56.167] [modloading-worker-0/INFO] [net.minecraftforge.coremod.CoreMod.apotheosis/COREMODLOG]: Replaced 1 calls to Enchantment#getMaxLevel() in net/minecraft/world/entity/npc/VillagerTrades$EnchantBookForEmeralds
[08Jul2025 02:51:56.168] [modloading-worker-0/INFO] [net.minecraftforge.coremod.CoreMod.apotheosis/COREMODLOG]: Replaced 1 calls to Enchantment#isTreasureOnly() in net/minecraft/world/entity/npc/VillagerTrades$EnchantBookForEmeralds
[08Jul2025 02:51:56.168] [modloading-worker-0/INFO] [net.minecraftforge.coremod.CoreMod.apotheosis/COREMODLOG]: Replaced 1 calls to Enchantment#isTradeable() in net/minecraft/world/entity/npc/VillagerTrades$EnchantBookForEmeralds
[08Jul2025 02:52:01.729] [main/WARN] [net.minecraftforge.registries.ForgeRegistry/REGISTRIES]: Registry minecraft:menu: The object net.minecraft.world.inventory.MenuType@3d53c0e1 has been registered twice for the same name ae2:export_card.
[08Jul2025 02:52:01.729] [main/WARN] [net.minecraftforge.registries.ForgeRegistry/REGISTRIES]: Registry minecraft:menu: The object net.minecraft.world.inventory.MenuType@1c21302e has been registered twice for the same name ae2:insert_card.
[08Jul2025 02:52:01.746] [main/WARN] [net.minecraftforge.registries.ForgeRegistry/REGISTRIES]: Registry minecraft:menu: The object net.minecraft.world.inventory.MenuType@714fe620 has been registered twice for the same name ae2:portable_fe_cell.
[08Jul2025 02:52:01.964] [main/WARN] [net.minecraftforge.registries.ForgeRegistry/REGISTRIES]: Registry minecraft:menu: The object net.minecraft.world.inventory.MenuType@72f92260 has been registered twice for the same name ae2:portable_mana_cell.
[08Jul2025 02:52:03.745] [main/INFO] [dev.architectury.networking.forge.NetworkManagerImpl/]: Registering C2S receiver with id ae2wtlib:cycle_terminal
[08Jul2025 02:52:04.279] [main/INFO] [Moonlight/]: Initialized block sets in 76ms
[08Jul2025 02:52:05.124] [main/WARN] [net.minecraftforge.registries.ForgeRegistry/REGISTRIES]: Registry minecraft:menu: The object net.minecraft.world.inventory.MenuType@2c16b20b has been registered twice for the same name ae2:mega_pattern_provider.
[08Jul2025 02:52:05.124] [main/WARN] [net.minecraftforge.registries.ForgeRegistry/REGISTRIES]: Registry minecraft:menu: The object net.minecraft.world.inventory.MenuType@5354b3be has been registered twice for the same name ae2:cell_dock.
[08Jul2025 02:52:05.124] [main/WARN] [net.minecraftforge.registries.ForgeRegistry/REGISTRIES]: Registry minecraft:menu: The object net.minecraft.world.inventory.MenuType@2fa14326 has been registered twice for the same name ae2:mega_emc_interface.
[08Jul2025 02:52:05.124] [main/WARN] [net.minecraftforge.registries.ForgeRegistry/REGISTRIES]: Registry minecraft:menu: The object net.minecraft.world.inventory.MenuType@1c85fc66 has been registered twice for the same name ae2:mega_interface.
[08Jul2025 02:52:06.067] [main/INFO] [STDOUT/]: [wayoftime.bloodmagic.core.AnointmentRegistrar:parseDefinition:133]: Attempting to load Anointment: union:/workspaces/atm9-free/servidor_minecraft/mods/bloodmagic-1.20.1-3.3.3-45.jar%23444!/data/bloodmagic/anointment/melee_damage.json, path: /data/bloodmagic/anointment/melee_damage.json
[08Jul2025 02:52:06.073] [main/INFO] [STDOUT/]: [wayoftime.bloodmagic.core.AnointmentRegistrar:parseDefinition:133]: Attempting to load Anointment: union:/workspaces/atm9-free/servidor_minecraft/mods/bloodmagic-1.20.1-3.3.3-45.jar%23444!/data/bloodmagic/anointment/holy_water.json, path: /data/bloodmagic/anointment/holy_water.json
[08Jul2025 02:52:06.074] [main/INFO] [STDOUT/]: [wayoftime.bloodmagic.core.AnointmentRegistrar:parseDefinition:133]: Attempting to load Anointment: union:/workspaces/atm9-free/servidor_minecraft/mods/bloodmagic-1.20.1-3.3.3-45.jar%23444!/data/bloodmagic/anointment/hidden_knowledge.json, path: /data/bloodmagic/anointment/hidden_knowledge.json
[08Jul2025 02:52:06.074] [main/INFO] [STDOUT/]: [wayoftime.bloodmagic.core.AnointmentRegistrar:parseDefinition:133]: Attempting to load Anointment: union:/workspaces/atm9-free/servidor_minecraft/mods/bloodmagic-1.20.1-3.3.3-45.jar%23444!/data/bloodmagic/anointment/quick_draw.json, path: /data/bloodmagic/anointment/quick_draw.json
[08Jul2025 02:52:06.074] [main/INFO] [STDOUT/]: [wayoftime.bloodmagic.core.AnointmentRegistrar:parseDefinition:133]: Attempting to load Anointment: union:/workspaces/atm9-free/servidor_minecraft/mods/bloodmagic-1.20.1-3.3.3-45.jar%23444!/data/bloodmagic/anointment/bow_power.json, path: /data/bloodmagic/anointment/bow_power.json
[08Jul2025 02:52:06.075] [main/INFO] [STDOUT/]: [wayoftime.bloodmagic.core.AnointmentRegistrar:parseDefinition:133]: Attempting to load Anointment: union:/workspaces/atm9-free/servidor_minecraft/mods/bloodmagic-1.20.1-3.3.3-45.jar%23444!/data/bloodmagic/anointment/bow_velocity.json, path: /data/bloodmagic/anointment/bow_velocity.json
[08Jul2025 02:52:06.075] [main/INFO] [STDOUT/]: [wayoftime.bloodmagic.core.AnointmentRegistrar:parseDefinition:133]: Attempting to load Anointment: union:/workspaces/atm9-free/servidor_minecraft/mods/bloodmagic-1.20.1-3.3.3-45.jar%23444!/data/bloodmagic/anointment/repairing.json, path: /data/bloodmagic/anointment/repairing.json
[08Jul2025 02:52:06.093] [main/INFO] [STDOUT/]: [wayoftime.bloodmagic.core.LivingArmorRegistrar:parseDefinition:228]: Attempting to load Living Armour Upgrade: union:/workspaces/atm9-free/servidor_minecraft/mods/bloodmagic-1.20.1-3.3.3-45.jar%23444!/data/bloodmagic/living_armor/arrow_protect.json, path: /data/bloodmagic/living_armor/arrow_protect.json
[08Jul2025 02:52:06.097] [main/INFO] [STDOUT/]: [wayoftime.bloodmagic.core.LivingArmorRegistrar:parseDefinition:228]: Attempting to load Living Armour Upgrade: union:/workspaces/atm9-free/servidor_minecraft/mods/bloodmagic-1.20.1-3.3.3-45.jar%23444!/data/bloodmagic/living_armor/fall_protect.json, path: /data/bloodmagic/living_armor/fall_protect.json
[08Jul2025 02:52:06.098] [main/INFO] [STDOUT/]: [wayoftime.bloodmagic.core.LivingArmorRegistrar:parseDefinition:228]: Attempting to load Living Armour Upgrade: union:/workspaces/atm9-free/servidor_minecraft/mods/bloodmagic-1.20.1-3.3.3-45.jar%23444!/data/bloodmagic/living_armor/physical_protect.json, path: /data/bloodmagic/living_armor/physical_protect.json
[08Jul2025 02:52:06.098] [main/INFO] [STDOUT/]: [wayoftime.bloodmagic.core.LivingArmorRegistrar:parseDefinition:228]: Attempting to load Living Armour Upgrade: union:/workspaces/atm9-free/servidor_minecraft/mods/bloodmagic-1.20.1-3.3.3-45.jar%23444!/data/bloodmagic/living_armor/jump.json, path: /data/bloodmagic/living_armor/jump.json
[08Jul2025 02:52:06.099] [main/INFO] [STDOUT/]: [wayoftime.bloodmagic.core.LivingArmorRegistrar:parseDefinition:228]: Attempting to load Living Armour Upgrade: union:/workspaces/atm9-free/servidor_minecraft/mods/bloodmagic-1.20.1-3.3.3-45.jar%23444!/data/bloodmagic/living_armor/health.json, path: /data/bloodmagic/living_armor/health.json
[08Jul2025 02:52:06.100] [main/INFO] [STDOUT/]: [wayoftime.bloodmagic.core.LivingArmorRegistrar:parseDefinition:228]: Attempting to load Living Armour Upgrade: union:/workspaces/atm9-free/servidor_minecraft/mods/bloodmagic-1.20.1-3.3.3-45.jar%23444!/data/bloodmagic/living_armor/experienced.json, path: /data/bloodmagic/living_armor/experienced.json
[08Jul2025 02:52:06.100] [main/INFO] [STDOUT/]: [wayoftime.bloodmagic.core.LivingArmorRegistrar:parseDefinition:228]: Attempting to load Living Armour Upgrade: union:/workspaces/atm9-free/servidor_minecraft/mods/bloodmagic-1.20.1-3.3.3-45.jar%23444!/data/bloodmagic/living_armor/sprint_attack.json, path: /data/bloodmagic/living_armor/sprint_attack.json
[08Jul2025 02:52:06.101] [main/INFO] [STDOUT/]: [wayoftime.bloodmagic.core.LivingArmorRegistrar:parseDefinition:228]: Attempting to load Living Armour Upgrade: union:/workspaces/atm9-free/servidor_minecraft/mods/bloodmagic-1.20.1-3.3.3-45.jar%23444!/data/bloodmagic/living_armor/self_sacrifice.json, path: /data/bloodmagic/living_armor/self_sacrifice.json
[08Jul2025 02:52:06.102] [main/INFO] [STDOUT/]: [wayoftime.bloodmagic.core.LivingArmorRegistrar:parseDefinition:228]: Attempting to load Living Armour Upgrade: union:/workspaces/atm9-free/servidor_minecraft/mods/bloodmagic-1.20.1-3.3.3-45.jar%23444!/data/bloodmagic/living_armor/speed.json, path: /data/bloodmagic/living_armor/speed.json
[08Jul2025 02:52:06.102] [main/INFO] [STDOUT/]: [wayoftime.bloodmagic.core.LivingArmorRegistrar:parseDefinition:228]: Attempting to load Living Armour Upgrade: union:/workspaces/atm9-free/servidor_minecraft/mods/bloodmagic-1.20.1-3.3.3-45.jar%23444!/data/bloodmagic/living_armor/poison_resist.json, path: /data/bloodmagic/living_armor/poison_resist.json
[08Jul2025 02:52:06.103] [main/INFO] [STDOUT/]: [wayoftime.bloodmagic.core.LivingArmorRegistrar:parseDefinition:228]: Attempting to load Living Armour Upgrade: union:/workspaces/atm9-free/servidor_minecraft/mods/bloodmagic-1.20.1-3.3.3-45.jar%23444!/data/bloodmagic/living_armor/fire_resist.json, path: /data/bloodmagic/living_armor/fire_resist.json
[08Jul2025 02:52:06.103] [main/INFO] [STDOUT/]: [wayoftime.bloodmagic.core.LivingArmorRegistrar:parseDefinition:228]: Attempting to load Living Armour Upgrade: union:/workspaces/atm9-free/servidor_minecraft/mods/bloodmagic-1.20.1-3.3.3-45.jar%23444!/data/bloodmagic/living_armor/digging.json, path: /data/bloodmagic/living_armor/digging.json
[08Jul2025 02:52:06.103] [main/INFO] [STDOUT/]: [wayoftime.bloodmagic.core.LivingArmorRegistrar:parseDefinition:228]: Attempting to load Living Armour Upgrade: union:/workspaces/atm9-free/servidor_minecraft/mods/bloodmagic-1.20.1-3.3.3-45.jar%23444!/data/bloodmagic/living_armor/knockback_resist.json, path: /data/bloodmagic/living_armor/knockback_resist.json
[08Jul2025 02:52:06.104] [main/INFO] [STDOUT/]: [wayoftime.bloodmagic.core.LivingArmorRegistrar:parseDefinition:228]: Attempting to load Living Armour Upgrade: union:/workspaces/atm9-free/servidor_minecraft/mods/bloodmagic-1.20.1-3.3.3-45.jar%23444!/data/bloodmagic/living_armor/diamond_protect.json, path: /data/bloodmagic/living_armor/diamond_protect.json
[08Jul2025 02:52:06.104] [main/INFO] [STDOUT/]: [wayoftime.bloodmagic.core.LivingArmorRegistrar:parseDefinition:228]: Attempting to load Living Armour Upgrade: union:/workspaces/atm9-free/servidor_minecraft/mods/bloodmagic-1.20.1-3.3.3-45.jar%23444!/data/bloodmagic/living_armor/elytra.json, path: /data/bloodmagic/living_armor/elytra.json
[08Jul2025 02:52:06.105] [main/INFO] [STDOUT/]: [wayoftime.bloodmagic.core.LivingArmorRegistrar:parseDefinition:228]: Attempting to load Living Armour Upgrade: union:/workspaces/atm9-free/servidor_minecraft/mods/bloodmagic-1.20.1-3.3.3-45.jar%23444!/data/bloodmagic/living_armor/curios_socket.json, path: /data/bloodmagic/living_armor/curios_socket.json
[08Jul2025 02:52:06.105] [main/INFO] [STDOUT/]: [wayoftime.bloodmagic.core.LivingArmorRegistrar:parseDefinition:228]: Attempting to load Living Armour Upgrade: union:/workspaces/atm9-free/servidor_minecraft/mods/bloodmagic-1.20.1-3.3.3-45.jar%23444!/data/bloodmagic/living_armor/melee_damage.json, path: /data/bloodmagic/living_armor/melee_damage.json
[08Jul2025 02:52:06.106] [main/INFO] [STDOUT/]: [wayoftime.bloodmagic.core.LivingArmorRegistrar:parseDefinition:228]: Attempting to load Living Armour Upgrade: union:/workspaces/atm9-free/servidor_minecraft/mods/bloodmagic-1.20.1-3.3.3-45.jar%23444!/data/bloodmagic/living_armor/repair.json, path: /data/bloodmagic/living_armor/repair.json
[08Jul2025 02:52:06.106] [main/INFO] [STDOUT/]: [wayoftime.bloodmagic.core.LivingArmorRegistrar:parseDefinition:228]: Attempting to load Living Armour Upgrade: union:/workspaces/atm9-free/servidor_minecraft/mods/bloodmagic-1.20.1-3.3.3-45.jar%23444!/data/bloodmagic/living_armor/gilded.json, path: /data/bloodmagic/living_armor/gilded.json
[08Jul2025 02:52:06.106] [main/INFO] [STDOUT/]: [wayoftime.bloodmagic.core.LivingArmorRegistrar:parseDefinition:228]: Attempting to load Living Armour Upgrade: union:/workspaces/atm9-free/servidor_minecraft/mods/bloodmagic-1.20.1-3.3.3-45.jar%23444!/data/bloodmagic/living_armor/downgrade/quenched.json, path: /data/bloodmagic/living_armor/downgrade/quenched.json
[08Jul2025 02:52:06.107] [main/INFO] [STDOUT/]: [wayoftime.bloodmagic.core.LivingArmorRegistrar:parseDefinition:228]: Attempting to load Living Armour Upgrade: union:/workspaces/atm9-free/servidor_minecraft/mods/bloodmagic-1.20.1-3.3.3-45.jar%23444!/data/bloodmagic/living_armor/downgrade/storm_trooper.json, path: /data/bloodmagic/living_armor/downgrade/storm_trooper.json
[08Jul2025 02:52:06.107] [main/INFO] [STDOUT/]: [wayoftime.bloodmagic.core.LivingArmorRegistrar:parseDefinition:228]: Attempting to load Living Armour Upgrade: union:/workspaces/atm9-free/servidor_minecraft/mods/bloodmagic-1.20.1-3.3.3-45.jar%23444!/data/bloodmagic/living_armor/downgrade/battle_hungry.json, path: /data/bloodmagic/living_armor/downgrade/battle_hungry.json
[08Jul2025 02:52:06.108] [main/INFO] [STDOUT/]: [wayoftime.bloodmagic.core.LivingArmorRegistrar:parseDefinition:228]: Attempting to load Living Armour Upgrade: union:/workspaces/atm9-free/servidor_minecraft/mods/bloodmagic-1.20.1-3.3.3-45.jar%23444!/data/bloodmagic/living_armor/downgrade/melee_decrease.json, path: /data/bloodmagic/living_armor/downgrade/melee_decrease.json
[08Jul2025 02:52:06.108] [main/INFO] [STDOUT/]: [wayoftime.bloodmagic.core.LivingArmorRegistrar:parseDefinition:228]: Attempting to load Living Armour Upgrade: union:/workspaces/atm9-free/servidor_minecraft/mods/bloodmagic-1.20.1-3.3.3-45.jar%23444!/data/bloodmagic/living_armor/downgrade/dig_slowdown.json, path: /data/bloodmagic/living_armor/downgrade/dig_slowdown.json
[08Jul2025 02:52:06.109] [main/INFO] [STDOUT/]: [wayoftime.bloodmagic.core.LivingArmorRegistrar:parseDefinition:228]: Attempting to load Living Armour Upgrade: union:/workspaces/atm9-free/servidor_minecraft/mods/bloodmagic-1.20.1-3.3.3-45.jar%23444!/data/bloodmagic/living_armor/downgrade/slow_heal.json, path: /data/bloodmagic/living_armor/downgrade/slow_heal.json
[08Jul2025 02:52:06.109] [main/INFO] [STDOUT/]: [wayoftime.bloodmagic.core.LivingArmorRegistrar:parseDefinition:228]: Attempting to load Living Armour Upgrade: union:/workspaces/atm9-free/servidor_minecraft/mods/bloodmagic-1.20.1-3.3.3-45.jar%23444!/data/bloodmagic/living_armor/downgrade/crippled_arm.json, path: /data/bloodmagic/living_armor/downgrade/crippled_arm.json
[08Jul2025 02:52:06.109] [main/INFO] [STDOUT/]: [wayoftime.bloodmagic.core.LivingArmorRegistrar:parseDefinition:228]: Attempting to load Living Armour Upgrade: union:/workspaces/atm9-free/servidor_minecraft/mods/bloodmagic-1.20.1-3.3.3-45.jar%23444!/data/bloodmagic/living_armor/downgrade/swim_decrease.json, path: /data/bloodmagic/living_armor/downgrade/swim_decrease.json
[08Jul2025 02:52:06.110] [main/INFO] [STDOUT/]: [wayoftime.bloodmagic.core.LivingArmorRegistrar:parseDefinition:228]: Attempting to load Living Armour Upgrade: union:/workspaces/atm9-free/servidor_minecraft/mods/bloodmagic-1.20.1-3.3.3-45.jar%23444!/data/bloodmagic/living_armor/downgrade/speed_decrease.json, path: /data/bloodmagic/living_armor/downgrade/speed_decrease.json
[08Jul2025 02:52:06.840] [main/WARN] [net.minecraft.network.syncher.SynchedEntityData/]: defineId called for: class com.klikli_dev.occultism.common.entity.spirit.DjinniEntity from class com.klikli_dev.occultism.common.entity.spirit.FoliotEntity
[08Jul2025 02:52:07.115] [main/INFO] [PluginManager/]: Executing phase CONFIG_LOAD for plugin class PatchouliPlugin
[08Jul2025 02:52:07.115] [main/INFO] [PluginManager/]: Executing phase CONFIG_LOAD for plugin class CuriosPlugin
[08Jul2025 02:52:07.116] [main/INFO] [PluginManager/]: Executing phase CONFIG_LOAD for plugin class PatchouliPlugin
[08Jul2025 02:52:07.116] [main/INFO] [PluginManager/]: Executing phase CONFIG_LOAD for plugin class CuriosPlugin
[08Jul2025 02:52:07.119] [main/INFO] [PluginManager/]: Executing phase CONFIG_LOAD for plugin class PatchouliPlugin
[08Jul2025 02:52:07.119] [main/INFO] [PluginManager/]: Executing phase CONFIG_LOAD for plugin class CuriosPlugin
[08Jul2025 02:52:07.121] [main/INFO] [PluginManager/]: Executing phase CONFIG_LOAD for plugin class PatchouliPlugin
[08Jul2025 02:52:07.121] [main/INFO] [PluginManager/]: Executing phase CONFIG_LOAD for plugin class CuriosPlugin
[08Jul2025 02:52:07.123] [main/INFO] [PluginManager/]: Executing phase CONFIG_LOAD for plugin class PatchouliPlugin
[08Jul2025 02:52:07.123] [main/INFO] [PluginManager/]: Executing phase CONFIG_LOAD for plugin class CuriosPlugin
[08Jul2025 02:52:07.380] [Thread-0/INFO] [ModernFix/]: Please use /mfsrc to reload any changed mod config files
[08Jul2025 02:52:07.386] [modloading-worker-0/INFO] [moze_intel.projecte.PECore/]: Found and loaded EMC mapper: CraftingMapper, with priority 0
[08Jul2025 02:52:07.393] [modloading-worker-0/INFO] [moze_intel.projecte.PECore/]: Found and loaded EMC mapper: CustomConversionMapper, with priority 0
[08Jul2025 02:52:07.394] [modloading-worker-0/INFO] [moze_intel.projecte.PECore/]: Found and loaded EMC mapper: WeatheredCopperMapper, with priority 0
[08Jul2025 02:52:07.394] [modloading-worker-0/INFO] [integrateddynamics/]: Registered packet handler.
[08Jul2025 02:52:07.394] [modloading-worker-0/INFO] [moze_intel.projecte.PECore/]: Found and loaded EMC mapper: TippedArrowMapper, with priority 0
[08Jul2025 02:52:07.395] [modloading-worker-0/INFO] [moze_intel.projecte.PECore/]: Found and loaded EMC mapper: RawOresBlacklistMapper, with priority 0
[08Jul2025 02:52:07.395] [modloading-worker-0/INFO] [moze_intel.projecte.PECore/]: Found and loaded EMC mapper: OresBlacklistMapper, with priority 0
[08Jul2025 02:52:07.396] [modloading-worker-0/INFO] [moze_intel.projecte.PECore/]: Found and loaded EMC mapper: CustomEMCMapper, with priority 0
[08Jul2025 02:52:07.397] [modloading-worker-0/INFO] [moze_intel.projecte.PECore/]: Found and loaded EMC mapper: BrewingMapper, with priority 0
[08Jul2025 02:52:07.402] [modloading-worker-0/INFO] [moze_intel.projecte.PECore/]: Found and loaded EMC mapper: APICustomEMCMapper, with priority 0
[08Jul2025 02:52:07.416] [modloading-worker-0/INFO] [moze_intel.projecte.PECore/]: Found and loaded EMC mapper: AE2P2PTunnels, with priority 0
[08Jul2025 02:52:07.417] [modloading-worker-0/INFO] [moze_intel.projecte.PECore/]: Found and loaded EMC mapper: AE2FacadeMapper, with priority 0
[08Jul2025 02:52:07.418] [modloading-worker-0/INFO] [moze_intel.projecte.PECore/]: Found and loaded EMC mapper: AE2MatterCondenser, with priority 0
[08Jul2025 02:52:07.427] [modloading-worker-0/INFO] [moze_intel.projecte.PECore/]: Found and loaded RecipeType Mapper: VanillaRecipeTypes, with priority 0
[08Jul2025 02:52:07.432] [modloading-worker-0/INFO] [moze_intel.projecte.PECore/]: Found and loaded RecipeType Mapper: Smithing, with priority 0
[08Jul2025 02:52:07.432] [modloading-worker-0/INFO] [moze_intel.projecte.PECore/]: Found and loaded RecipeType Mapper: FallbackRecipeType, with priority -2147483648
[08Jul2025 02:52:07.443] [modloading-worker-0/INFO] [moze_intel.projecte.PECore/]: Found and loaded RecipeType Mapper: MekSawmill, with priority 0
[08Jul2025 02:52:07.444] [modloading-worker-0/INFO] [moze_intel.projecte.PECore/]: Found and loaded RecipeType Mapper: MekRotary, with priority 0
[08Jul2025 02:52:07.445] [modloading-worker-0/INFO] [moze_intel.projecte.PECore/]: Found and loaded RecipeType Mapper: MekPressurizedReaction, with priority 0
[08Jul2025 02:52:07.445] [modloading-worker-0/INFO] [moze_intel.projecte.PECore/]: Found and loaded RecipeType Mapper: MekPigmentMixer, with priority 0
[08Jul2025 02:52:07.446] [modloading-worker-0/INFO] [moze_intel.projecte.PECore/]: Found and loaded RecipeType Mapper: MekPaintingMachine, with priority 0
[08Jul2025 02:52:07.447] [modloading-worker-0/INFO] [moze_intel.projecte.PECore/]: Found and loaded RecipeType Mapper: MekMetallurgicInfuser, with priority 0
[08Jul2025 02:52:07.447] [modloading-worker-0/INFO] [moze_intel.projecte.PECore/]: Found and loaded RecipeType Mapper: MekItemStackToPigment, with priority 0
[08Jul2025 02:52:07.448] [modloading-worker-0/INFO] [moze_intel.projecte.PECore/]: Found and loaded RecipeType Mapper: MekItemStackToItemStack, with priority 0
[08Jul2025 02:52:07.449] [modloading-worker-0/INFO] [moze_intel.projecte.PECore/]: Found and loaded RecipeType Mapper: MekItemStackToInfuseType, with priority 0
[08Jul2025 02:52:07.452] [modloading-worker-0/INFO] [moze_intel.projecte.PECore/]: Found and loaded RecipeType Mapper: MekItemStackToGas, with priority 0
[08Jul2025 02:52:07.453] [modloading-worker-0/INFO] [moze_intel.projecte.PECore/]: Found and loaded RecipeType Mapper: MekItemStackGasToItemStack, with priority 0
[08Jul2025 02:52:07.455] [modloading-worker-0/INFO] [moze_intel.projecte.PECore/]: Found and loaded RecipeType Mapper: MekGasToGas, with priority 0
[08Jul2025 02:52:07.456] [modloading-worker-0/INFO] [moze_intel.projecte.PECore/]: Found and loaded RecipeType Mapper: MekFluidToFluid, with priority 0
[08Jul2025 02:52:07.457] [modloading-worker-0/INFO] [moze_intel.projecte.PECore/]: Found and loaded RecipeType Mapper: MekFluidSlurryToSlurry, with priority 0
[08Jul2025 02:52:07.460] [modloading-worker-0/INFO] [moze_intel.projecte.PECore/]: Found and loaded RecipeType Mapper: MekElectrolysis, with priority 0
[08Jul2025 02:52:07.461] [modloading-worker-0/INFO] [moze_intel.projecte.PECore/]: Found and loaded RecipeType Mapper: MekCombiner, with priority 0
[08Jul2025 02:52:07.464] [modloading-worker-0/INFO] [moze_intel.projecte.PECore/]: Found and loaded RecipeType Mapper: MekChemicalInfuser, with priority 0
[08Jul2025 02:52:07.465] [modloading-worker-0/INFO] [moze_intel.projecte.PECore/]: Found and loaded RecipeType Mapper: MekDissolution, with priority 0
[08Jul2025 02:52:07.470] [modloading-worker-0/INFO] [moze_intel.projecte.PECore/]: Found and loaded RecipeType Mapper: MekChemicalCrystallizer, with priority 0
[08Jul2025 02:52:07.487] [modloading-worker-0/INFO] [moze_intel.projecte.PECore/]: Found and loaded RecipeType Mapper: AE2Transform, with priority 0
[08Jul2025 02:52:07.488] [modloading-worker-0/INFO] [moze_intel.projecte.PECore/]: Found and loaded RecipeType Mapper: AE2Inscriber, with priority 0
[08Jul2025 02:52:07.492] [modloading-worker-0/INFO] [moze_intel.projecte.PECore/]: Found and loaded RecipeType Mapper: AE2Charger, with priority 0
[08Jul2025 02:52:07.500] [modloading-worker-0/INFO] [moze_intel.projecte.PECore/]: Found and loaded NBT Processor: StoredEMCProcessor, with priority 0
[08Jul2025 02:52:07.501] [modloading-worker-0/INFO] [moze_intel.projecte.PECore/]: Found and loaded NBT Processor: EnchantmentProcessor, with priority 0
[08Jul2025 02:52:07.502] [modloading-worker-0/INFO] [moze_intel.projecte.PECore/]: Found and loaded NBT Processor: DecoratedPotProcessor, with priority 0
[08Jul2025 02:52:07.502] [modloading-worker-0/INFO] [moze_intel.projecte.PECore/]: Found and loaded NBT Processor: DamageProcessor, with priority 2147483647
[08Jul2025 02:52:07.503] [modloading-worker-0/INFO] [moze_intel.projecte.PECore/]: Found and loaded NBT Processor: ArmorTrimProcessor, with priority 0
[08Jul2025 02:52:07.522] [modloading-worker-0/INFO] [moze_intel.projecte.PECore/]: Found and loaded NBT Processor: MekanismContentsProcessor, with priority 0
[08Jul2025 02:52:07.542] [modloading-worker-0/INFO] [moze_intel.projecte.PECore/]: Found and loaded NBT Processor: AE2InventoryItemProcessor, with priority 0
[08Jul2025 02:52:07.614] [modloading-worker-0/INFO] [PluginManager/]: Executing phase COMMON_SETUP for plugin class PatchouliPlugin
[08Jul2025 02:52:07.615] [modloading-worker-0/INFO] [PluginManager/]: Executing phase COMMON_SETUP for plugin class CuriosPlugin
[08Jul2025 02:52:07.620] [modloading-worker-0/INFO] [Better Compatibility Checker/]: Better Compatibility Checker setup
[08Jul2025 02:52:07.686] [modloading-worker-0/INFO] [thetadev.constructionwand.ConstructionWand/]: ConstructionWand says hello - may the odds be ever in your favor.
[08Jul2025 02:52:07.699] [modloading-worker-0/INFO] [thetadev.constructionwand.ConstructionWand/]: Botania integration added
[08Jul2025 02:52:07.758] [modloading-worker-0/INFO] [pneumaticcraft/]: PneumaticCraft: Repressurized is loading!
[08Jul2025 02:52:07.761] [modloading-worker-0/INFO] [pneumaticcraft/]: Making item: air_canister compatible with Holding enchantment.
[08Jul2025 02:52:07.762] [modloading-worker-0/INFO] [pneumaticcraft/]: Making item: reinforced_air_canister compatible with Holding enchantment.
[08Jul2025 02:52:07.762] [modloading-worker-0/INFO] [pneumaticcraft/]: Making item: vortex_cannon compatible with Holding enchantment.
[08Jul2025 02:52:07.762] [modloading-worker-0/INFO] [pneumaticcraft/]: Making item: pneumatic_wrench compatible with Holding enchantment.
[08Jul2025 02:52:07.762] [modloading-worker-0/INFO] [pneumaticcraft/]: Making item: manometer compatible with Holding enchantment.
[08Jul2025 02:52:07.762] [modloading-worker-0/INFO] [pneumaticcraft/]: Making item: logistics_configurator compatible with Holding enchantment.
[08Jul2025 02:52:07.762] [modloading-worker-0/INFO] [pneumaticcraft/]: Making item: amadron_tablet compatible with Holding enchantment.
[08Jul2025 02:52:07.762] [modloading-worker-0/INFO] [pneumaticcraft/]: Making item: minigun compatible with Holding enchantment.
[08Jul2025 02:52:07.762] [modloading-worker-0/INFO] [pneumaticcraft/]: Making item: camo_applicator compatible with Holding enchantment.
[08Jul2025 02:52:07.762] [modloading-worker-0/INFO] [pneumaticcraft/]: Making item: jackhammer compatible with Holding enchantment.
[08Jul2025 02:52:07.762] [modloading-worker-0/INFO] [pneumaticcraft/]: Making item: pneumatic_helmet compatible with Holding enchantment.
[08Jul2025 02:52:07.763] [modloading-worker-0/INFO] [pneumaticcraft/]: Making item: pneumatic_chestplate compatible with Holding enchantment.
[08Jul2025 02:52:07.763] [modloading-worker-0/INFO] [pneumaticcraft/]: Making item: pneumatic_leggings compatible with Holding enchantment.
[08Jul2025 02:52:07.763] [modloading-worker-0/INFO] [pneumaticcraft/]: Making item: pneumatic_boots compatible with Holding enchantment.
[08Jul2025 02:52:07.763] [modloading-worker-0/INFO] [pneumaticcraft/]: Making item: drone compatible with Holding enchantment.
[08Jul2025 02:52:07.763] [modloading-worker-0/INFO] [pneumaticcraft/]: Making item: logistics_drone compatible with Holding enchantment.
[08Jul2025 02:52:07.763] [modloading-worker-0/INFO] [pneumaticcraft/]: Making item: harvesting_drone compatible with Holding enchantment.
[08Jul2025 02:52:07.763] [modloading-worker-0/INFO] [pneumaticcraft/]: Making item: guard_drone compatible with Holding enchantment.
[08Jul2025 02:52:07.763] [modloading-worker-0/INFO] [pneumaticcraft/]: Making item: collector_drone compatible with Holding enchantment.
[08Jul2025 02:52:07.785] [Forge Version Check/INFO] [net.minecraftforge.fml.VersionChecker/]: Global Forge version check system disabled, no further processing.
[08Jul2025 02:52:07.820] [modloading-worker-0/INFO] [mythicbotany/]: Loading MythicBotany
[08Jul2025 02:52:07.832] [Immersive Engineering Contributors Thread/INFO] [immersiveengineering/]: Attempting to download special revolvers from GitHub
[08Jul2025 02:52:07.998] [modloading-worker-0/WARN] [net.minecraft.nbt.NbtUtils/]: Unable to read property: west with value: none for blockstate: {Name:"mcwfences:sandstone_grass_topped_wall",Properties:{east:"low",north:"none",south:"low",up:"true",waterlogged:"false",west:"none"}}
[08Jul2025 02:52:07.999] [modloading-worker-0/WARN] [net.minecraft.nbt.NbtUtils/]: Unable to read property: east with value: low for blockstate: {Name:"mcwfences:sandstone_grass_topped_wall",Properties:{east:"low",north:"none",south:"low",up:"true",waterlogged:"false",west:"none"}}
[08Jul2025 02:52:08.000] [modloading-worker-0/WARN] [net.minecraft.nbt.NbtUtils/]: Unable to read property: south with value: low for blockstate: {Name:"mcwfences:sandstone_grass_topped_wall",Properties:{east:"low",north:"none",south:"low",up:"true",waterlogged:"false",west:"none"}}
[08Jul2025 02:52:08.000] [modloading-worker-0/WARN] [net.minecraft.nbt.NbtUtils/]: Unable to read property: north with value: none for blockstate: {Name:"mcwfences:sandstone_grass_topped_wall",Properties:{east:"low",north:"none",south:"low",up:"true",waterlogged:"false",west:"none"}}
[08Jul2025 02:52:08.001] [modloading-worker-0/WARN] [net.minecraft.nbt.NbtUtils/]: Unable to read property: west with value: none for blockstate: {Name:"mcwfences:sandstone_grass_topped_wall",Properties:{east:"none",north:"low",south:"low",up:"false",waterlogged:"false",west:"none"}}
[08Jul2025 02:52:08.001] [modloading-worker-0/WARN] [net.minecraft.nbt.NbtUtils/]: Unable to read property: east with value: none for blockstate: {Name:"mcwfences:sandstone_grass_topped_wall",Properties:{east:"none",north:"low",south:"low",up:"false",waterlogged:"false",west:"none"}}
[08Jul2025 02:52:08.001] [modloading-worker-0/WARN] [net.minecraft.nbt.NbtUtils/]: Unable to read property: south with value: low for blockstate: {Name:"mcwfences:sandstone_grass_topped_wall",Properties:{east:"none",north:"low",south:"low",up:"false",waterlogged:"false",west:"none"}}
[08Jul2025 02:52:08.001] [modloading-worker-0/WARN] [net.minecraft.nbt.NbtUtils/]: Unable to read property: north with value: low for blockstate: {Name:"mcwfences:sandstone_grass_topped_wall",Properties:{east:"none",north:"low",south:"low",up:"false",waterlogged:"false",west:"none"}}
[08Jul2025 02:52:08.002] [modloading-worker-0/WARN] [net.minecraft.nbt.NbtUtils/]: Unable to read property: west with value: none for blockstate: {Name:"mcwfences:sandstone_grass_topped_wall",Properties:{east:"low",north:"low",south:"low",up:"true",waterlogged:"false",west:"none"}}
[08Jul2025 02:52:08.004] [modloading-worker-0/WARN] [net.minecraft.nbt.NbtUtils/]: Unable to read property: east with value: low for blockstate: {Name:"mcwfences:sandstone_grass_topped_wall",Properties:{east:"low",north:"low",south:"low",up:"true",waterlogged:"false",west:"none"}}
[08Jul2025 02:52:08.004] [modloading-worker-0/WARN] [net.minecraft.nbt.NbtUtils/]: Unable to read property: south with value: low for blockstate: {Name:"mcwfences:sandstone_grass_topped_wall",Properties:{east:"low",north:"low",south:"low",up:"true",waterlogged:"false",west:"none"}}
[08Jul2025 02:52:08.005] [modloading-worker-0/WARN] [net.minecraft.nbt.NbtUtils/]: Unable to read property: north with value: low for blockstate: {Name:"mcwfences:sandstone_grass_topped_wall",Properties:{east:"low",north:"low",south:"low",up:"true",waterlogged:"false",west:"none"}}
[08Jul2025 02:52:08.005] [modloading-worker-0/WARN] [net.minecraft.nbt.NbtUtils/]: Unable to read property: west with value: none for blockstate: {Name:"mcwfences:sandstone_grass_topped_wall",Properties:{east:"low",north:"low",south:"none",up:"true",waterlogged:"false",west:"none"}}
[08Jul2025 02:52:08.005] [modloading-worker-0/WARN] [net.minecraft.nbt.NbtUtils/]: Unable to read property: east with value: low for blockstate: {Name:"mcwfences:sandstone_grass_topped_wall",Properties:{east:"low",north:"low",south:"none",up:"true",waterlogged:"false",west:"none"}}
[08Jul2025 02:52:08.006] [modloading-worker-0/WARN] [net.minecraft.nbt.NbtUtils/]: Unable to read property: south with value: none for blockstate: {Name:"mcwfences:sandstone_grass_topped_wall",Properties:{east:"low",north:"low",south:"none",up:"true",waterlogged:"false",west:"none"}}
[08Jul2025 02:52:08.006] [modloading-worker-0/WARN] [net.minecraft.nbt.NbtUtils/]: Unable to read property: north with value: low for blockstate: {Name:"mcwfences:sandstone_grass_topped_wall",Properties:{east:"low",north:"low",south:"none",up:"true",waterlogged:"false",west:"none"}}
[08Jul2025 02:52:08.007] [modloading-worker-0/WARN] [net.minecraft.nbt.NbtUtils/]: Unable to read property: west with value: low for blockstate: {Name:"mcwfences:sandstone_grass_topped_wall",Properties:{east:"low",north:"low",south:"none",up:"true",waterlogged:"false",west:"low"}}
[08Jul2025 02:52:08.007] [modloading-worker-0/WARN] [net.minecraft.nbt.NbtUtils/]: Unable to read property: east with value: low for blockstate: {Name:"mcwfences:sandstone_grass_topped_wall",Properties:{east:"low",north:"low",south:"none",up:"true",waterlogged:"false",west:"low"}}
[08Jul2025 02:52:08.007] [modloading-worker-0/WARN] [net.minecraft.nbt.NbtUtils/]: Unable to read property: south with value: none for blockstate: {Name:"mcwfences:sandstone_grass_topped_wall",Properties:{east:"low",north:"low",south:"none",up:"true",waterlogged:"false",west:"low"}}
[08Jul2025 02:52:08.008] [modloading-worker-0/WARN] [net.minecraft.nbt.NbtUtils/]: Unable to read property: north with value: low for blockstate: {Name:"mcwfences:sandstone_grass_topped_wall",Properties:{east:"low",north:"low",south:"none",up:"true",waterlogged:"false",west:"low"}}
[08Jul2025 02:52:08.011] [modloading-worker-0/WARN] [net.minecraft.nbt.NbtUtils/]: Unable to read property: west with value: low for blockstate: {Name:"mcwfences:sandstone_grass_topped_wall",Properties:{east:"low",north:"none",south:"none",up:"false",waterlogged:"false",west:"low"}}
[08Jul2025 02:52:08.011] [modloading-worker-0/WARN] [net.minecraft.nbt.NbtUtils/]: Unable to read property: east with value: low for blockstate: {Name:"mcwfences:sandstone_grass_topped_wall",Properties:{east:"low",north:"none",south:"none",up:"false",waterlogged:"false",west:"low"}}
[08Jul2025 02:52:08.011] [modloading-worker-0/WARN] [net.minecraft.nbt.NbtUtils/]: Unable to read property: south with value: none for blockstate: {Name:"mcwfences:sandstone_grass_topped_wall",Properties:{east:"low",north:"none",south:"none",up:"false",waterlogged:"false",west:"low"}}
[08Jul2025 02:52:08.012] [modloading-worker-0/WARN] [net.minecraft.nbt.NbtUtils/]: Unable to read property: north with value: none for blockstate: {Name:"mcwfences:sandstone_grass_topped_wall",Properties:{east:"low",north:"none",south:"none",up:"false",waterlogged:"false",west:"low"}}
[08Jul2025 02:52:08.012] [modloading-worker-0/WARN] [net.minecraft.nbt.NbtUtils/]: Unable to read property: west with value: low for blockstate: {Name:"mcwfences:sandstone_grass_topped_wall",Properties:{east:"low",north:"none",south:"low",up:"true",waterlogged:"false",west:"low"}}
[08Jul2025 02:52:08.012] [modloading-worker-0/WARN] [net.minecraft.nbt.NbtUtils/]: Unable to read property: east with value: low for blockstate: {Name:"mcwfences:sandstone_grass_topped_wall",Properties:{east:"low",north:"none",south:"low",up:"true",waterlogged:"false",west:"low"}}
[08Jul2025 02:52:08.013] [modloading-worker-0/WARN] [net.minecraft.nbt.NbtUtils/]: Unable to read property: south with value: low for blockstate: {Name:"mcwfences:sandstone_grass_topped_wall",Properties:{east:"low",north:"none",south:"low",up:"true",waterlogged:"false",west:"low"}}
[08Jul2025 02:52:08.013] [modloading-worker-0/WARN] [net.minecraft.nbt.NbtUtils/]: Unable to read property: north with value: none for blockstate: {Name:"mcwfences:sandstone_grass_topped_wall",Properties:{east:"low",north:"none",south:"low",up:"true",waterlogged:"false",west:"low"}}
[08Jul2025 02:52:08.013] [modloading-worker-0/WARN] [net.minecraft.nbt.NbtUtils/]: Unable to read property: west with value: none for blockstate: {Name:"mcwfences:sandstone_grass_topped_wall",Properties:{east:"none",north:"none",south:"low",up:"true",waterlogged:"false",west:"none"}}
[08Jul2025 02:52:08.013] [modloading-worker-0/WARN] [net.minecraft.nbt.NbtUtils/]: Unable to read property: east with value: none for blockstate: {Name:"mcwfences:sandstone_grass_topped_wall",Properties:{east:"none",north:"none",south:"low",up:"true",waterlogged:"false",west:"none"}}
[08Jul2025 02:52:08.013] [modloading-worker-0/WARN] [net.minecraft.nbt.NbtUtils/]: Unable to read property: south with value: low for blockstate: {Name:"mcwfences:sandstone_grass_topped_wall",Properties:{east:"none",north:"none",south:"low",up:"true",waterlogged:"false",west:"none"}}
[08Jul2025 02:52:08.014] [modloading-worker-0/WARN] [net.minecraft.nbt.NbtUtils/]: Unable to read property: north with value: none for blockstate: {Name:"mcwfences:sandstone_grass_topped_wall",Properties:{east:"none",north:"none",south:"low",up:"true",waterlogged:"false",west:"none"}}
[08Jul2025 02:52:08.014] [modloading-worker-0/WARN] [net.minecraft.nbt.NbtUtils/]: Unable to read property: west with value: none for blockstate: {Name:"mcwfences:sandstone_grass_topped_wall",Properties:{east:"none",north:"low",south:"none",up:"true",waterlogged:"false",west:"none"}}
[08Jul2025 02:52:08.015] [modloading-worker-0/WARN] [net.minecraft.nbt.NbtUtils/]: Unable to read property: east with value: none for blockstate: {Name:"mcwfences:sandstone_grass_topped_wall",Properties:{east:"none",north:"low",south:"none",up:"true",waterlogged:"false",west:"none"}}
[08Jul2025 02:52:08.015] [modloading-worker-0/WARN] [net.minecraft.nbt.NbtUtils/]: Unable to read property: south with value: none for blockstate: {Name:"mcwfences:sandstone_grass_topped_wall",Properties:{east:"none",north:"low",south:"none",up:"true",waterlogged:"false",west:"none"}}
[08Jul2025 02:52:08.015] [modloading-worker-0/WARN] [net.minecraft.nbt.NbtUtils/]: Unable to read property: north with value: low for blockstate: {Name:"mcwfences:sandstone_grass_topped_wall",Properties:{east:"none",north:"low",south:"none",up:"true",waterlogged:"false",west:"none"}}
[08Jul2025 02:52:08.016] [modloading-worker-0/WARN] [net.minecraft.nbt.NbtUtils/]: Unable to read property: west with value: none for blockstate: {Name:"mcwfences:sandstone_grass_topped_wall",Properties:{east:"none",north:"none",south:"none",up:"true",waterlogged:"false",west:"none"}}
[08Jul2025 02:52:08.016] [modloading-worker-0/WARN] [net.minecraft.nbt.NbtUtils/]: Unable to read property: east with value: none for blockstate: {Name:"mcwfences:sandstone_grass_topped_wall",Properties:{east:"none",north:"none",south:"none",up:"true",waterlogged:"false",west:"none"}}
[08Jul2025 02:52:08.017] [modloading-worker-0/WARN] [net.minecraft.nbt.NbtUtils/]: Unable to read property: south with value: none for blockstate: {Name:"mcwfences:sandstone_grass_topped_wall",Properties:{east:"none",north:"none",south:"none",up:"true",waterlogged:"false",west:"none"}}
[08Jul2025 02:52:08.018] [modloading-worker-0/WARN] [net.minecraft.nbt.NbtUtils/]: Unable to read property: north with value: none for blockstate: {Name:"mcwfences:sandstone_grass_topped_wall",Properties:{east:"none",north:"none",south:"none",up:"true",waterlogged:"false",west:"none"}}
[08Jul2025 02:52:08.018] [modloading-worker-0/WARN] [net.minecraft.nbt.NbtUtils/]: Unable to read property: west with value: low for blockstate: {Name:"mcwfences:sandstone_grass_topped_wall",Properties:{east:"none",north:"low",south:"low",up:"true",waterlogged:"false",west:"low"}}
[08Jul2025 02:52:08.018] [modloading-worker-0/WARN] [net.minecraft.nbt.NbtUtils/]: Unable to read property: east with value: none for blockstate: {Name:"mcwfences:sandstone_grass_topped_wall",Properties:{east:"none",north:"low",south:"low",up:"true",waterlogged:"false",west:"low"}}
[08Jul2025 02:52:08.018] [modloading-worker-0/WARN] [net.minecraft.nbt.NbtUtils/]: Unable to read property: south with value: low for blockstate: {Name:"mcwfences:sandstone_grass_topped_wall",Properties:{east:"none",north:"low",south:"low",up:"true",waterlogged:"false",west:"low"}}
[08Jul2025 02:52:08.018] [modloading-worker-0/WARN] [net.minecraft.nbt.NbtUtils/]: Unable to read property: north with value: low for blockstate: {Name:"mcwfences:sandstone_grass_topped_wall",Properties:{east:"none",north:"low",south:"low",up:"true",waterlogged:"false",west:"low"}}
[08Jul2025 02:52:08.018] [modloading-worker-0/WARN] [net.minecraft.nbt.NbtUtils/]: Unable to read property: west with value: low for blockstate: {Name:"mcwfences:sandstone_grass_topped_wall",Properties:{east:"none",north:"none",south:"low",up:"true",waterlogged:"false",west:"low"}}
[08Jul2025 02:52:08.019] [modloading-worker-0/WARN] [net.minecraft.nbt.NbtUtils/]: Unable to read property: east with value: none for blockstate: {Name:"mcwfences:sandstone_grass_topped_wall",Properties:{east:"none",north:"none",south:"low",up:"true",waterlogged:"false",west:"low"}}
[08Jul2025 02:52:08.019] [modloading-worker-0/WARN] [net.minecraft.nbt.NbtUtils/]: Unable to read property: south with value: low for blockstate: {Name:"mcwfences:sandstone_grass_topped_wall",Properties:{east:"none",north:"none",south:"low",up:"true",waterlogged:"false",west:"low"}}
[08Jul2025 02:52:08.019] [modloading-worker-0/WARN] [net.minecraft.nbt.NbtUtils/]: Unable to read property: north with value: none for blockstate: {Name:"mcwfences:sandstone_grass_topped_wall",Properties:{east:"none",north:"none",south:"low",up:"true",waterlogged:"false",west:"low"}}
[08Jul2025 02:52:08.019] [modloading-worker-0/WARN] [net.minecraft.nbt.NbtUtils/]: Unable to read property: west with value: low for blockstate: {Name:"mcwfences:sandstone_grass_topped_wall",Properties:{east:"none",north:"low",south:"none",up:"true",waterlogged:"false",west:"low"}}
[08Jul2025 02:52:08.019] [modloading-worker-0/WARN] [net.minecraft.nbt.NbtUtils/]: Unable to read property: east with value: none for blockstate: {Name:"mcwfences:sandstone_grass_topped_wall",Properties:{east:"none",north:"low",south:"none",up:"true",waterlogged:"false",west:"low"}}
[08Jul2025 02:52:08.019] [modloading-worker-0/WARN] [net.minecraft.nbt.NbtUtils/]: Unable to read property: south with value: none for blockstate: {Name:"mcwfences:sandstone_grass_topped_wall",Properties:{east:"none",north:"low",south:"none",up:"true",waterlogged:"false",west:"low"}}
[08Jul2025 02:52:08.019] [modloading-worker-0/WARN] [net.minecraft.nbt.NbtUtils/]: Unable to read property: north with value: low for blockstate: {Name:"mcwfences:sandstone_grass_topped_wall",Properties:{east:"none",north:"low",south:"none",up:"true",waterlogged:"false",west:"low"}}
[08Jul2025 02:52:08.020] [modloading-worker-0/WARN] [net.minecraft.nbt.NbtUtils/]: Unable to read property: west with value: none for blockstate: {Name:"mcwfences:sandstone_grass_topped_wall",Properties:{east:"low",north:"none",south:"none",up:"true",waterlogged:"false",west:"none"}}
[08Jul2025 02:52:08.020] [modloading-worker-0/WARN] [net.minecraft.nbt.NbtUtils/]: Unable to read property: east with value: low for blockstate: {Name:"mcwfences:sandstone_grass_topped_wall",Properties:{east:"low",north:"none",south:"none",up:"true",waterlogged:"false",west:"none"}}
[08Jul2025 02:52:08.020] [modloading-worker-0/WARN] [net.minecraft.nbt.NbtUtils/]: Unable to read property: south with value: none for blockstate: {Name:"mcwfences:sandstone_grass_topped_wall",Properties:{east:"low",north:"none",south:"none",up:"true",waterlogged:"false",west:"none"}}
[08Jul2025 02:52:08.020] [modloading-worker-0/WARN] [net.minecraft.nbt.NbtUtils/]: Unable to read property: north with value: none for blockstate: {Name:"mcwfences:sandstone_grass_topped_wall",Properties:{east:"low",north:"none",south:"none",up:"true",waterlogged:"false",west:"none"}}
[08Jul2025 02:52:08.021] [modloading-worker-0/WARN] [net.minecraft.nbt.NbtUtils/]: Unable to read property: west with value: low for blockstate: {Name:"mcwfences:sandstone_grass_topped_wall",Properties:{east:"none",north:"none",south:"none",up:"true",waterlogged:"false",west:"low"}}
[08Jul2025 02:52:08.022] [modloading-worker-0/WARN] [net.minecraft.nbt.NbtUtils/]: Unable to read property: east with value: none for blockstate: {Name:"mcwfences:sandstone_grass_topped_wall",Properties:{east:"none",north:"none",south:"none",up:"true",waterlogged:"false",west:"low"}}
[08Jul2025 02:52:08.022] [modloading-worker-0/WARN] [net.minecraft.nbt.NbtUtils/]: Unable to read property: south with value: none for blockstate: {Name:"mcwfences:sandstone_grass_topped_wall",Properties:{east:"none",north:"none",south:"none",up:"true",waterlogged:"false",west:"low"}}
[08Jul2025 02:52:08.022] [modloading-worker-0/WARN] [net.minecraft.nbt.NbtUtils/]: Unable to read property: north with value: none for blockstate: {Name:"mcwfences:sandstone_grass_topped_wall",Properties:{east:"none",north:"none",south:"none",up:"true",waterlogged:"false",west:"low"}}
[08Jul2025 02:52:08.028] [modloading-worker-0/WARN] [net.minecraft.nbt.NbtUtils/]: Unable to read property: west with value: none for blockstate: {Name:"mcwfences:mud_brick_grass_topped_wall",Properties:{east:"none",north:"none",south:"low",up:"true",waterlogged:"false",west:"none"}}
[08Jul2025 02:52:08.028] [modloading-worker-0/WARN] [net.minecraft.nbt.NbtUtils/]: Unable to read property: east with value: none for blockstate: {Name:"mcwfences:mud_brick_grass_topped_wall",Properties:{east:"none",north:"none",south:"low",up:"true",waterlogged:"false",west:"none"}}
[08Jul2025 02:52:08.028] [modloading-worker-0/WARN] [net.minecraft.nbt.NbtUtils/]: Unable to read property: south with value: low for blockstate: {Name:"mcwfences:mud_brick_grass_topped_wall",Properties:{east:"none",north:"none",south:"low",up:"true",waterlogged:"false",west:"none"}}
[08Jul2025 02:52:08.028] [modloading-worker-0/WARN] [net.minecraft.nbt.NbtUtils/]: Unable to read property: north with value: none for blockstate: {Name:"mcwfences:mud_brick_grass_topped_wall",Properties:{east:"none",north:"none",south:"low",up:"true",waterlogged:"false",west:"none"}}
[08Jul2025 02:52:08.028] [modloading-worker-0/WARN] [net.minecraft.nbt.NbtUtils/]: Unable to read property: west with value: low for blockstate: {Name:"mcwfences:mud_brick_grass_topped_wall",Properties:{east:"none",north:"none",south:"none",up:"true",waterlogged:"false",west:"low"}}
[08Jul2025 02:52:08.029] [modloading-worker-0/WARN] [net.minecraft.nbt.NbtUtils/]: Unable to read property: east with value: none for blockstate: {Name:"mcwfences:mud_brick_grass_topped_wall",Properties:{east:"none",north:"none",south:"none",up:"true",waterlogged:"false",west:"low"}}
[08Jul2025 02:52:08.029] [modloading-worker-0/WARN] [net.minecraft.nbt.NbtUtils/]: Unable to read property: south with value: none for blockstate: {Name:"mcwfences:mud_brick_grass_topped_wall",Properties:{east:"none",north:"none",south:"none",up:"true",waterlogged:"false",west:"low"}}
[08Jul2025 02:52:08.029] [modloading-worker-0/WARN] [net.minecraft.nbt.NbtUtils/]: Unable to read property: north with value: none for blockstate: {Name:"mcwfences:mud_brick_grass_topped_wall",Properties:{east:"none",north:"none",south:"none",up:"true",waterlogged:"false",west:"low"}}
[08Jul2025 02:52:08.031] [modloading-worker-0/INFO] [integrateddynamics/]: Registered packet handler.
[08Jul2025 02:52:08.034] [modloading-worker-0/WARN] [net.minecraft.nbt.NbtUtils/]: Unable to read property: west with value: none for blockstate: {Name:"mcwfences:oak_hedge",Properties:{east:"tall",north:"none",south:"tall",up:"true",waterlogged:"false",west:"none"}}
[08Jul2025 02:52:08.034] [modloading-worker-0/WARN] [net.minecraft.nbt.NbtUtils/]: Unable to read property: east with value: tall for blockstate: {Name:"mcwfences:oak_hedge",Properties:{east:"tall",north:"none",south:"tall",up:"true",waterlogged:"false",west:"none"}}
[08Jul2025 02:52:08.034] [modloading-worker-0/WARN] [net.minecraft.nbt.NbtUtils/]: Unable to read property: south with value: tall for blockstate: {Name:"mcwfences:oak_hedge",Properties:{east:"tall",north:"none",south:"tall",up:"true",waterlogged:"false",west:"none"}}
[08Jul2025 02:52:08.034] [modloading-worker-0/WARN] [net.minecraft.nbt.NbtUtils/]: Unable to read property: north with value: none for blockstate: {Name:"mcwfences:oak_hedge",Properties:{east:"tall",north:"none",south:"tall",up:"true",waterlogged:"false",west:"none"}}
[08Jul2025 02:52:08.035] [modloading-worker-0/WARN] [net.minecraft.nbt.NbtUtils/]: Unable to read property: west with value: none for blockstate: {Name:"mcwfences:oak_hedge",Properties:{east:"low",north:"none",south:"low",up:"true",waterlogged:"false",west:"none"}}
[08Jul2025 02:52:08.035] [modloading-worker-0/WARN] [net.minecraft.nbt.NbtUtils/]: Unable to read property: east with value: low for blockstate: {Name:"mcwfences:oak_hedge",Properties:{east:"low",north:"none",south:"low",up:"true",waterlogged:"false",west:"none"}}
[08Jul2025 02:52:08.035] [modloading-worker-0/WARN] [net.minecraft.nbt.NbtUtils/]: Unable to read property: south with value: low for blockstate: {Name:"mcwfences:oak_hedge",Properties:{east:"low",north:"none",south:"low",up:"true",waterlogged:"false",west:"none"}}
[08Jul2025 02:52:08.035] [modloading-worker-0/WARN] [net.minecraft.nbt.NbtUtils/]: Unable to read property: north with value: none for blockstate: {Name:"mcwfences:oak_hedge",Properties:{east:"low",north:"none",south:"low",up:"true",waterlogged:"false",west:"none"}}
[08Jul2025 02:52:08.075] [modloading-worker-0/INFO] [de.melanx.skyblockbuilder.SkyblockBuilder/]: Loaded template "cozy_cottage" from "cozy_cottage.nbt".
[08Jul2025 02:52:08.076] [modloading-worker-0/INFO] [de.melanx.skyblockbuilder.SkyblockBuilder/]: Loaded template "Anarchy" from "anarchy.nbt".
[08Jul2025 02:52:08.077] [modloading-worker-0/INFO] [de.melanx.skyblockbuilder.SkyblockBuilder/]: Loaded template "Classical" from "classical.nbt".
[08Jul2025 02:52:08.079] [modloading-worker-0/INFO] [de.melanx.skyblockbuilder.SkyblockBuilder/]: Loaded template "The Direwolf" from "thedirewolf.nbt".
[08Jul2025 02:52:08.079] [modloading-worker-0/INFO] [integrateddynamicscompat/]: Registered packet handler.
[08Jul2025 02:52:08.144] [modloading-worker-0/INFO] [mekanism.common.Mekanism/]: Version 10.4.16 initializing...
[08Jul2025 02:52:08.157] [modloading-worker-0/INFO] [com.connectivity.Connectivity/]: Connectivity initialized
[08Jul2025 02:52:08.172] [modloading-worker-0/INFO] [com.klikli_dev.occultism.Occultism/]: Common setup complete.
[08Jul2025 02:52:08.202] [modloading-worker-0/INFO] [mekanism.common.Mekanism/]: Loaded 'Mekanism: Generators' module.
[08Jul2025 02:52:08.272] [modloading-worker-0/INFO] [mekanism.common.Mekanism/]: Loaded 'Mekanism: Tools' module.
[08Jul2025 02:52:08.388] [modloading-worker-0/INFO] [mekanism.common.Mekanism/]: Fake player readout: UUID = 46e82cd0-d480-3d48-800a-77431ede078e, name = [Mekanism]
[08Jul2025 02:52:08.390] [modloading-worker-0/INFO] [mekanism.common.Mekanism/]: Mod loaded.
[08Jul2025 02:52:08.421] [modloading-worker-0/INFO] [mcjtylib/]: RFTools Storage Detected XNet: enabling support
[08Jul2025 02:52:08.429] [modloading-worker-0/INFO] [dev.wuffs.squatgrow.actions.Actions/]: Registered action: Actions$$Lambda$41329/0x000079da484378f8
[08Jul2025 02:52:08.429] [modloading-worker-0/INFO] [dev.wuffs.squatgrow.actions.Actions/]: Registered action: Actions$$Lambda$41321/0x000079da48435a40
[08Jul2025 02:52:08.433] [modloading-worker-0/INFO] [dev.wuffs.squatgrow.actions.Actions/]: Registered action: Actions$$Lambda$41332/0x000079da48438b00
[08Jul2025 02:52:08.433] [modloading-worker-0/INFO] [dev.wuffs.squatgrow.actions.Actions/]: Registered action: Actions$$Lambda$41320/0x000079da484355d8
[08Jul2025 02:52:08.434] [modloading-worker-0/INFO] [dev.wuffs.squatgrow.actions.Actions/]: Registered action: Actions$$Lambda$41331/0x000079da48438690
[08Jul2025 02:52:08.441] [modloading-worker-0/INFO] [FTB Library/]: Setting game stages provider implementation to: KubeJS Stages
[08Jul2025 02:52:08.442] [modloading-worker-0/INFO] [FTB XMod Compat/]: Chose [KubeJS Stages] as the active game stages implementation
[08Jul2025 02:52:08.444] [modloading-worker-0/INFO] [FTB Library/]: Setting permissions provider implementation to: FTB Ranks
[08Jul2025 02:52:08.444] [modloading-worker-0/INFO] [FTB XMod Compat/]: Chose [FTB Ranks] as the active permissions implementation
[08Jul2025 02:52:08.446] [modloading-worker-0/INFO] [FTB XMod Compat/]: [FTB Quests] recipe helper provider is [JEI]
[08Jul2025 02:52:08.460] [modloading-worker-0/INFO] [FTB XMod Compat/]: [FTB Quests] Enabled Item Filters integration
[08Jul2025 02:52:08.462] [modloading-worker-0/INFO] [FTB XMod Compat/]: [FTB Chunks] FTB Ranks detected, listening for ranks events
[08Jul2025 02:52:08.470] [modloading-worker-0/INFO] [FTB XMod Compat/]: [FTB Chunks] Enabled Waystones integration
[08Jul2025 02:52:08.485] [modloading-worker-0/INFO] [Mystical Agriculture/]: Loaded 148 crops
[08Jul2025 02:52:08.485] [modloading-worker-0/INFO] [Mystical Agriculture/]: Loaded 8 crop tiers
[08Jul2025 02:52:08.486] [modloading-worker-0/INFO] [Mystical Agriculture/]: Loaded 2 crop types
[08Jul2025 02:52:08.486] [modloading-worker-0/INFO] [Mystical Agriculture/]: Loaded 55 augments
[08Jul2025 02:52:08.486] [modloading-worker-0/INFO] [Mystical Agriculture/]: Loaded 20 mob soul types
[08Jul2025 02:52:08.598] [modloading-worker-0/INFO] [Modular Routers/]: Modular Routers is loading!
[08Jul2025 02:52:09.194] [main/INFO] [com.klikli_dev.occultism.Occultism/]: Registered compostable Items
[08Jul2025 02:52:09.349] [main/INFO] [Supplementaries/]: Finished mod setup in: [2, 5, 0, 0, 0, 0, 14, 15, 0] ms
[08Jul2025 02:52:09.565] [main/INFO] [Moonlight/]: Initialized color sets in 158ms
[08Jul2025 02:52:09.588] [main/INFO] [MEGA Cells/]: Initialised AE2WT integration.
[08Jul2025 02:52:09.691] [modloading-worker-0/INFO] [com.klikli_dev.occultism.Occultism/]: Dedicated server setup complete.
[08Jul2025 02:52:09.797] [modloading-worker-0/INFO] [pneumaticcraft/]: Sending IMC messages.
[08Jul2025 02:52:09.946] [modloading-worker-0/INFO] [Apotheosis : Adventure/]: Mod mythicbotany has overriden the loot category of mythicbotany:mjoellnir to sword.
[08Jul2025 02:52:09.961] [modloading-worker-0/INFO] [net.blay09.mods.craftingtweaks.IMCHandler/]: refinedstorage has registered com.refinedmods.refinedstorage.container.GridContainerMenu for CraftingTweaks via IMC
[08Jul2025 02:52:09.961] [modloading-worker-0/INFO] [net.blay09.mods.craftingtweaks.IMCHandler/]: craftingstation has registered tfar.craftingstation.CraftingStationMenu for CraftingTweaks via IMC
[08Jul2025 02:52:10.151] [modloading-worker-0/INFO] [AttributeFix/]: Loaded values for 48 compatible attributes.
[08Jul2025 02:52:10.156] [modloading-worker-0/INFO] [AttributeFix/]: Loaded 48 values from config.
[08Jul2025 02:52:10.163] [modloading-worker-0/INFO] [net.xalcon.torchmaster.Torchmaster/]: Applying mega torch entity block list overrides...
[08Jul2025 02:52:10.163] [modloading-worker-0/INFO] [net.xalcon.torchmaster.Torchmaster/]: Applying dread lamp entity block list overrides...
[08Jul2025 02:52:10.171] [modloading-worker-0/INFO] [AttributeFix/]: Saving config file. 48 entries.
[08Jul2025 02:52:10.174] [modloading-worker-0/INFO] [AttributeFix/]: Applying changes for 48 attributes.
[08Jul2025 02:52:10.230] [modloading-worker-0/INFO] [STDOUT/]: [com.mrh0.createaddition.CreateAddition:postInit:136]: Create Crafts & Additions Initialized!
[08Jul2025 02:52:10.236] [modloading-worker-0/INFO] [Jade/]: Start loading plugin at thedarkcolour.exdeorum.compat.jade.ExDeorumJadePlugin
[08Jul2025 02:52:10.245] [modloading-worker-0/INFO] [Jade/]: Start loading plugin at moze_intel.projecte.integration.jade.PEJadePlugin
[08Jul2025 02:52:10.245] [modloading-worker-0/INFO] [Jade/]: Start loading plugin at dev.shadowsoffire.gateways.compat.GatewayJadePlugin
[08Jul2025 02:52:10.246] [modloading-worker-0/INFO] [Jade/]: Start loading plugin at dev.shadowsoffire.apotheosis.spawn.compat.SpawnerHwylaPlugin
[08Jul2025 02:52:10.253] [modloading-worker-0/INFO] [Jade/]: Start loading plugin at dev.shadowsoffire.apotheosis.ench.compat.EnchHwylaPlugin
[08Jul2025 02:52:10.254] [modloading-worker-0/INFO] [Jade/]: Start loading plugin at dev.shadowsoffire.apotheosis.adventure.compat.AdventureHwylaPlugin
[08Jul2025 02:52:10.257] [modloading-worker-0/INFO] [Jade/]: Start loading plugin at net.blay09.mods.balm.forge.compat.hudinfo.ForgeJadeModCompat
[08Jul2025 02:52:10.258] [modloading-worker-0/INFO] [Jade/]: Start loading plugin at shetiphian.core.internal.modintegration.jade.JadePlugin
[08Jul2025 02:52:10.258] [modloading-worker-0/INFO] [Jade/]: Start loading plugin at ovh.corail.tombstone.compatibility.IntegrationJade
[08Jul2025 02:52:10.259] [modloading-worker-0/INFO] [Jade/]: Start loading plugin at edivad.extrastorage.compat.jade.JadeCompatibility
[08Jul2025 02:52:10.260] [modloading-worker-0/INFO] [Jade/]: Start loading plugin at snownee.jade.addon.JadeAddonsBase
[08Jul2025 02:52:10.281] [modloading-worker-0/INFO] [Jade/]: Start loading plugin at me.desht.pneumaticcraft.common.thirdparty.waila.WailaRegistration
[08Jul2025 02:52:10.285] [modloading-worker-0/INFO] [Jade/]: Start loading plugin at com.satherov.crystalix.compat.jade.CrystalixJadePlugin
[08Jul2025 02:52:10.287] [modloading-worker-0/INFO] [Jade/]: Start loading plugin at blusunrize.immersiveengineering.common.util.compat.jade.IEWailaPlugin
[08Jul2025 02:52:10.288] [modloading-worker-0/ERROR] [bloodmagic/]: MysticalAgriculture integration cancelled: unable to find a class: com.blakebr0.mysticalagriculture.api.crop.ICrop
[08Jul2025 02:52:10.289] [modloading-worker-0/INFO] [Jade/]: Start loading plugin at org.cyclops.integrateddynamicscompat.modcompat.jade.JadeIntegratedDynamicsConfig
[08Jul2025 02:52:10.293] [modloading-worker-0/INFO] [Jade/]: Start loading plugin at com.hollingsworth.arsnouveau.client.waila.WailaArsNouveauPlugin
[08Jul2025 02:52:10.294] [modloading-worker-0/INFO] [Jade/]: Start loading plugin at de.melanx.utilitix.compat.jade.UtilJade
[08Jul2025 02:52:10.301] [modloading-worker-0/INFO] [Jade/]: Start loading plugin at mekanism.common.integration.lookingat.jade.MekanismJadePlugin
[08Jul2025 02:52:10.303] [modloading-worker-0/INFO] [Jade/]: Start loading plugin at de.maxhenkel.pipez.integration.waila.PluginPipes
[08Jul2025 02:52:10.304] [modloading-worker-0/INFO] [Jade/]: Start loading plugin at net.blay09.mods.cookingforblockheads.compat.ForgeJadeCookingForBlockheadsPlugin
[08Jul2025 02:52:10.304] [modloading-worker-0/INFO] [Jade/]: Start loading plugin at com.supermartijn642.entangled.integration.EntangledWailaPlugin
[08Jul2025 02:52:10.305] [modloading-worker-0/INFO] [Jade/]: Start loading plugin at shetiphian.endertanks.modintegration.jade.JadePlugin
[08Jul2025 02:52:10.306] [modloading-worker-0/INFO] [Jade/]: Start loading plugin at cy.jdkdigital.productivebees.compat.hwyla.ProductiveBeesWailaPlugin
[08Jul2025 02:52:10.309] [modloading-worker-0/INFO] [Jade/]: Start loading plugin at net.p3pp3rf1y.sophisticatedstorage.compat.jade.StorageJadePlugin
[08Jul2025 02:52:10.310] [modloading-worker-0/INFO] [Jade/]: Start loading plugin at net.mehvahdjukaar.supplementaries.integration.JadeCompat
[08Jul2025 02:52:10.311] [modloading-worker-0/INFO] [Jade/]: Start loading plugin at xfacthd.framedblocks.common.compat.jade.FramedJadePlugin
[08Jul2025 02:52:10.311] [modloading-worker-0/INFO] [Jade/]: Start loading plugin at net.blay09.mods.waystones.compat.JadeIntegration
[08Jul2025 02:52:10.311] [modloading-worker-0/INFO] [Jade/]: Start loading plugin at com.blakebr0.mysticalagriculture.compat.JadeCompat
[08Jul2025 02:52:10.312] [modloading-worker-0/INFO] [Jade/]: Start loading plugin at com.blakebr0.mysticalagradditions.compat.JadeCompat
[08Jul2025 02:52:10.313] [modloading-worker-0/INFO] [Jade/]: Start loading plugin at snownee.jade.addon.vanilla.VanillaPlugin
[08Jul2025 02:52:10.328] [modloading-worker-0/INFO] [Jade/]: Start loading plugin at snownee.jade.addon.universal.UniversalPlugin
[08Jul2025 02:52:10.333] [modloading-worker-0/INFO] [Jade/]: Start loading plugin at snownee.jade.addon.core.CorePlugin
[08Jul2025 02:52:10.335] [modloading-worker-0/INFO] [Jade/]: Start loading plugin at appeng.integration.modules.jade.JadeModule
[08Jul2025 02:52:10.354] [modloading-worker-0/INFO] [Jade/]: Start loading plugin at com.glodblock.github.appflux.xmod.jade.JadePlugin
[08Jul2025 02:52:10.355] [modloading-worker-0/INFO] [Jade/]: Start loading plugin at com.glodblock.github.extendedae.xmod.jade.JadePlugin
[08Jul2025 02:52:10.356] [modloading-worker-0/INFO] [Jade/]: Start loading plugin at de.maxhenkel.easyvillagers.integration.waila.PluginEasyVillagers
[08Jul2025 02:52:10.356] [modloading-worker-0/INFO] [Jade/]: Start loading plugin at reliquary.compat.jade.JadeCompat
[08Jul2025 02:52:10.358] [modloading-worker-0/INFO] [Jade/]: Start loading plugin at shetiphian.enderchests.modintegration.jade.JadePlugin
[08Jul2025 02:52:10.359] [modloading-worker-0/INFO] [Jade/]: Start loading plugin at me.desht.modularrouters.integration.waila.WailaIntegration
[08Jul2025 02:52:10.359] [modloading-worker-0/INFO] [Jade/]: Start loading plugin at me.ramidzkh.mekae2.integration.jade.AMJadePlugin
[08Jul2025 02:52:11.549] [main/INFO] [net.minecraftforge.coremod.CoreMod.exdeorum/COREMODLOG]: Successfully patched server.properties to use void world type by default
[08Jul2025 02:52:11.556] [main/INFO] [dsp/]: No default-server.properties exist in the games root path... ignoring default injection
[08Jul2025 02:52:11.578] [main/INFO] [com.mojang.authlib.yggdrasil.YggdrasilAuthenticationService/]: Environment: authHost='https://authserver.mojang.com', accountsHost='https://api.mojang.com', sessionHost='https://sessionserver.mojang.com', servicesHost='https://api.minecraftservices.com', name='PROD'
[08Jul2025 02:52:11.695] [main/INFO] [ModernFix/]: Bypassed Mojang DFU
[08Jul2025 02:52:12.886] [main/WARN] [net.minecraft.server.packs.VanillaPackResourcesBuilder/]: Assets URL 'union:/workspaces/atm9-free/servidor_minecraft/libraries/net/minecraft/server/1.20.1-20230612.114412/server-1.20.1-20230612.114412-srg.jar%23710!/assets/.mcassetsroot' uses unexpected schema
[08Jul2025 02:52:12.886] [main/WARN] [net.minecraft.server.packs.VanillaPackResourcesBuilder/]: Assets URL 'union:/workspaces/atm9-free/servidor_minecraft/libraries/net/minecraft/server/1.20.1-20230612.114412/server-1.20.1-20230612.114412-srg.jar%23710!/data/.mcassetsroot' uses unexpected schema
[08Jul2025 02:52:13.448] [main/INFO] [com.simibubi.create.Create/]: Created 2104 recipes which will be injected into the game
[08Jul2025 02:52:13.481] [main/INFO] [com.simibubi.create.Create/]: Created 363 tags which will be injected into the game
[08Jul2025 02:52:13.802] [main/INFO] [de.melanx.skyblockbuilder.SkyblockBuilder/]: Sorting datapack list to load data correctly.
[08Jul2025 02:52:13.810] [main/INFO] [de.melanx.skyblockbuilder.SkyblockBuilder/]: Sorting datapack list to load data correctly.
[08Jul2025 02:52:13.980] [main/INFO] [Moonlight/]: Generated runtime resources for 1 packs in a total of: 92 ms
[08Jul2025 02:52:14.040] [main/INFO] [Moonlight/]: Generated runtime resources for 1 packs in a total of: 13 ms
[08Jul2025 02:52:15.400] [main/INFO] [KubeJS/]: Added bindings for script type SERVER from mod 'almostunified': [AlmostUnified]
[08Jul2025 02:52:15.406] [main/INFO] [KubeJS Server/]: Loaded script server_scripts:postUnify/_before.js in 0.005 s
[08Jul2025 02:52:15.414] [main/INFO] [KubeJS Server/]: Loaded script server_scripts:postUnify/dust.js in 0.007 s
[08Jul2025 02:52:15.420] [main/INFO] [KubeJS Server/]: Loaded script server_scripts:postUnify/wires.js in 0.006 s
[08Jul2025 02:52:15.426] [main/INFO] [KubeJS Server/]: Loaded script server_scripts:postUnify/storage_blocks.js in 0.005 s
[08Jul2025 02:52:15.432] [main/INFO] [KubeJS Server/]: Loaded script server_scripts:postUnify/ingots.js in 0.006 s
[08Jul2025 02:52:15.437] [main/INFO] [KubeJS Server/]: Loaded script server_scripts:postUnify/nuggets.js in 0.004 s
[08Jul2025 02:52:15.442] [main/INFO] [KubeJS Server/]: Loaded script server_scripts:postUnify/raw_materials.js in 0.005 s
[08Jul2025 02:52:15.449] [main/INFO] [KubeJS Server/]: Loaded script server_scripts:postUnify/plates.js in 0.007 s
[08Jul2025 02:52:15.454] [main/INFO] [KubeJS Server/]: Loaded script server_scripts:postUnify/rods.js in 0.005 s
[08Jul2025 02:52:15.459] [main/INFO] [KubeJS Server/]: Loaded script server_scripts:postUnify/gears.js in 0.005 s
[08Jul2025 02:52:15.460] [main/INFO] [KubeJS Server/]: Loaded script server_scripts:mods/dank/recipes.js in 0.0 s
[08Jul2025 02:52:15.463] [main/INFO] [KubeJS Server/]: Loaded script server_scripts:mods/oreberry/oreberry.js in 0.003 s
[08Jul2025 02:52:15.469] [main/INFO] [KubeJS Server/]: Loaded script server_scripts:mods/alchemistry/recipes.js in 0.006 s
[08Jul2025 02:52:15.472] [main/INFO] [KubeJS Server/]: Loaded script server_scripts:mods/mob_grinding_utils/recipes.js in 0.003 s
[08Jul2025 02:52:15.480] [main/INFO] [KubeJS Server/]: Loaded script server_scripts:mods/create/create.js in 0.008 s
[08Jul2025 02:52:15.481] [main/INFO] [KubeJS Server/]: Loaded script server_scripts:mods/reliquary/reliquary.js in 0.001 s
[08Jul2025 02:52:15.484] [main/INFO] [KubeJS Server/]: Loaded script server_scripts:mods/misc/recipes.js in 0.003 s
[08Jul2025 02:52:15.485] [main/INFO] [KubeJS Server/]: Loaded script server_scripts:mods/biggerreactors/recipes.js in 0.001 s
[08Jul2025 02:52:15.486] [main/INFO] [KubeJS Server/]: Loaded script server_scripts:mods/functionalstorage/recipes.js in 0.001 s
[08Jul2025 02:52:15.488] [main/INFO] [KubeJS Server/]: Loaded script server_scripts:mods/projecte/projecte.js in 0.002 s
[08Jul2025 02:52:15.497] [main/INFO] [KubeJS Server/]: mods/mysticalagriculture/crops.js#4: Loaded Java class 'com.blakebr0.mysticalagriculture.registry.CropRegistry'
[08Jul2025 02:52:15.498] [main/INFO] [KubeJS Server/]: Loaded script server_scripts:mods/mysticalagriculture/crops.js in 0.009 s
[08Jul2025 02:52:15.506] [main/INFO] [KubeJS Server/]: Loaded script server_scripts:mods/mysticalagriculture/recipes.js in 0.008 s
[08Jul2025 02:52:15.512] [main/INFO] [KubeJS Server/]: mods/ae/recipes.js#4: Loaded Java class 'net.minecraft.world.item.DyeColor'
[08Jul2025 02:52:15.513] [main/INFO] [KubeJS Server/]: Loaded script server_scripts:mods/ae/recipes.js in 0.006 s
[08Jul2025 02:52:15.516] [main/INFO] [KubeJS Server/]: Loaded script server_scripts:mods/atm/creative.js in 0.002 s
[08Jul2025 02:52:15.516] [main/INFO] [KubeJS Server/]: Loaded script server_scripts:mods/mekanism/mekanism.js in 0.0 s
[08Jul2025 02:52:15.527] [main/INFO] [KubeJS Server/]: mods/flux/dust.js#4: Loaded Java class 'net.minecraft.sounds.SoundEvents'
[08Jul2025 02:52:15.528] [main/INFO] [KubeJS Server/]: mods/flux/dust.js#5: Loaded Java class 'net.minecraft.sounds.SoundSource'
[08Jul2025 02:52:15.528] [main/INFO] [KubeJS Server/]: mods/flux/dust.js#6: Loaded Java class 'net.minecraft.core.particles.ParticleTypes'
[08Jul2025 02:52:15.529] [main/INFO] [KubeJS Server/]: Loaded script server_scripts:mods/flux/dust.js in 0.012 s
[08Jul2025 02:52:15.531] [main/INFO] [KubeJS Server/]: Loaded script server_scripts:mods/cobblefordays/cobblegen.js in 0.002 s
[08Jul2025 02:52:15.532] [main/INFO] [KubeJS Server/]: Loaded script server_scripts:mods/industrial_foregoing/recipes.js in 0.001 s
[08Jul2025 02:52:15.536] [main/INFO] [KubeJS Server/]: Loaded script server_scripts:mods/exdeorum/exdeorum.js in 0.004 s
[08Jul2025 02:52:15.537] [main/INFO] [KubeJS Server/]: Loaded script server_scripts:mods/exdeorum/sieveremovals.js in 0.001 s
[08Jul2025 02:52:15.538] [main/INFO] [KubeJS Server/]: Loaded script server_scripts:mods/exdeorum/pebbles.js in 0.001 s
[08Jul2025 02:52:15.539] [main/INFO] [KubeJS Server/]: mods/enderio/soul_vial.js#4: Loaded Java class 'net.minecraftforge.registries.ForgeRegistries'
[08Jul2025 02:52:15.539] [main/INFO] [KubeJS Server/]: mods/enderio/soul_vial.js#5: Loaded Java class 'net.minecraft.world.entity.ai.attributes.DefaultAttributes'
[08Jul2025 02:52:15.540] [main/INFO] [KubeJS Server/]: mods/enderio/soul_vial.js#6: Loaded Java class 'net.minecraftforge.common.Tags'
[08Jul2025 02:52:15.540] [main/INFO] [KubeJS Server/]: mods/enderio/soul_vial.js#7: Loaded Java class 'com.enderio.base.common.tag.EIOTags'
[08Jul2025 02:52:15.540] [main/INFO] [KubeJS Server/]: Loaded script server_scripts:mods/enderio/soul_vial.js in 0.002 s
[08Jul2025 02:52:15.541] [main/INFO] [KubeJS Server/]: Loaded script server_scripts:mods/thermal/rock_gen.js in 0.0 s
[08Jul2025 02:52:15.542] [main/INFO] [KubeJS Server/]: Loaded script server_scripts:mods/thermal/recipes.js in 0.001 s
[08Jul2025 02:52:15.543] [main/INFO] [KubeJS Server/]: mods/farmingforblockheads/market.js#60: Loaded Java class 'net.blay09.mods.farmingforblockheads.api.FarmingForBlockheadsAPI'
[08Jul2025 02:52:15.543] [main/INFO] [KubeJS Server/]: Loaded script server_scripts:mods/farmingforblockheads/market.js in 0.001 s
[08Jul2025 02:52:15.544] [main/INFO] [KubeJS Server/]: Loaded script server_scripts:mods/corail_tombstone/Nuke_Eggs.js in 0.0 s
[08Jul2025 02:52:15.545] [main/INFO] [KubeJS Server/]: Loaded script server_scripts:mods/minecraft/recipes.js in 0.0 s
[08Jul2025 02:52:15.546] [main/INFO] [KubeJS Server/]: Loaded script server_scripts:mods/advanced_ae/recipes.js in 0.001 s
[08Jul2025 02:52:15.547] [main/INFO] [KubeJS Server/]: Loaded script server_scripts:mods/AppliedE/AppliedE.js in 0.001 s
[08Jul2025 02:52:15.547] [main/INFO] [KubeJS Server/]: Loaded script server_scripts:mods/xycraft/rock_gen_kivi.js in 0.0 s
[08Jul2025 02:52:15.547] [main/INFO] [KubeJS Server/]: Loaded script server_scripts:mods/hostileneuralnetworks/hnn.js in 0.0 s
[08Jul2025 02:52:15.548] [main/INFO] [KubeJS Server/]: Loaded script server_scripts:disable.js in 0.0 s
[08Jul2025 02:52:15.551] [main/INFO] [KubeJS Server/]: Loaded script server_scripts:tags.js in 0.002 s
[08Jul2025 02:52:15.552] [main/INFO] [KubeJS Server/]: Loaded script server_scripts:summoning/summoning.js in 0.001 s
[08Jul2025 02:52:15.553] [main/INFO] [KubeJS Server/]: Loaded script server_scripts:modpack/atm_metals.js in 0.001 s
[08Jul2025 02:52:15.553] [main/INFO] [KubeJS Server/]: Loaded script server_scripts:modpack/atm_templates.js in 0.0 s
[08Jul2025 02:52:15.554] [main/INFO] [KubeJS Server/]: Loaded script server_scripts:modpack/atm_star_shards.js in 0.001 s
[08Jul2025 02:52:15.556] [main/INFO] [KubeJS Server/]: Loaded script server_scripts:modpack/atm_star_creative.js in 0.002 s
[08Jul2025 02:52:15.557] [main/INFO] [KubeJS Server/]: Loaded script server_scripts:modpack/patrick_star.js in 0.001 s
[08Jul2025 02:52:15.557] [main/INFO] [KubeJS Server/]: Loaded script server_scripts:modpack/atm_shard.js in 0.0 s
[08Jul2025 02:52:15.557] [main/INFO] [KubeJS Server/]: Loaded 50/50 KubeJS server scripts in 0.18 s with 0 errors and 0 warnings
[08Jul2025 02:52:15.562] [main/INFO] [KubeJS Server/]: Scripts loaded
[08Jul2025 02:52:15.596] [main/INFO] [KubeJS Server/]: Initializing recipe event...
[08Jul2025 02:52:16.479] [main/INFO] [net.minecraftforge.coremod.CoreMod.exdeorum/COREMODLOG]: Successfully patched end portal.
[08Jul2025 02:52:16.596] [main/INFO] [net.minecraftforge.coremod.CoreMod.apotheosis/COREMODLOG]: Replaced 2 calls to Enchantment#getMaxLevel() in net/minecraft/server/commands/EnchantCommand
[08Jul2025 02:52:17.146] [main/INFO] [AE2:C/]: Scanning class appeng.server.testplots.TestPlots for plots
[08Jul2025 02:52:17.150] [main/INFO] [AE2:C/]: Scanning class appeng.server.testplots.AutoCraftingTestPlots for plots
[08Jul2025 02:52:17.151] [main/INFO] [AE2:C/]: Scanning class appeng.server.testplots.InscriberTestPlots for plots
[08Jul2025 02:52:17.161] [main/INFO] [AE2:C/]: Scanning class appeng.server.testplots.P2PTestPlots for plots
[08Jul2025 02:52:17.162] [main/INFO] [AE2:C/]: Scanning class appeng.server.testplots.ItemP2PTestPlots for plots
[08Jul2025 02:52:17.162] [main/INFO] [AE2:C/]: Scanning class appeng.server.testplots.MemoryCardTestPlots for plots
[08Jul2025 02:52:17.163] [main/INFO] [AE2:C/]: Scanning class appeng.server.testplots.PatternProviderLockModePlots for plots
[08Jul2025 02:52:17.163] [main/INFO] [AE2:C/]: Scanning class appeng.server.testplots.PatternProviderPlots for plots
[08Jul2025 02:52:17.164] [main/INFO] [AE2:C/]: Scanning class appeng.server.testplots.SpatialTestPlots for plots
[08Jul2025 02:52:17.164] [main/INFO] [AE2:C/]: Scanning class appeng.server.testplots.QnbTestPlots for plots
[08Jul2025 02:52:17.164] [main/INFO] [AE2:C/]: Scanning class appeng.server.testplots.GuidebookPlot for plots
[08Jul2025 02:52:17.164] [main/INFO] [AE2:C/]: Scanning class appeng.server.testplots.SubnetPlots for plots
[08Jul2025 02:52:17.165] [main/INFO] [AE2:C/]: Scanning class appeng.server.testplots.ChannelTests for plots
[08Jul2025 02:52:17.165] [main/INFO] [AE2:C/]: Scanning class appeng.server.testplots.AnnihilationPlaneTests for plots
[08Jul2025 02:52:17.165] [main/INFO] [AE2:C/]: Scanning class de.mari_023.ae2wtlib.AE2WTLibTestPlots for plots
[08Jul2025 02:52:17.202] [main/INFO] [FTB Ranks/]: Loading command nodes...
[08Jul2025 02:52:17.272] [main/INFO] [FTB Ranks/]: Loaded 3496 command nodes
[08Jul2025 02:52:17.423] [Worker-Main-2/INFO] [KubeJS Server/]: [minecraft:entity_type] Found 140 tags, added 58 objects, removed 0 objects
[08Jul2025 02:52:17.435] [Worker-Main-3/INFO] [KubeJS Server/]: [minecraft:worldgen/biome] Found 219 tags, added 8 objects, removed 0 objects
[08Jul2025 02:52:17.488] [Worker-Main-2/ERROR] [net.minecraft.tags.TagLoader/]: Couldn't load tag supplementaries:tipped_spikes_blacklist as it is missing following references: minecraft:oozing (from supplementaries-1.20-3.1.30.jar), 
	minecraft:infested (from supplementaries-1.20-3.1.30.jar)
[08Jul2025 02:52:17.505] [Worker-Main-2/INFO] [KubeJS Server/]: [minecraft:fluid] Found 83 tags, added 3 objects, removed 4 objects
[08Jul2025 02:52:18.283] [Worker-Main-1/INFO] [KubeJS Server/]: [minecraft:item] Found 4320 tags, added 58 objects, removed 1 objects
[08Jul2025 02:52:18.439] [Worker-Main-3/INFO] [KubeJS Server/]: [minecraft:block] Found 1877 tags, added 714 objects, removed 0 objects
[08Jul2025 02:52:18.619] [Worker-Main-3/WARN] [AlmostUnified/]: The following tags are invalid and will be ignored: [forge:plates/graphite, forge:gems/brass, forge:gems/bronze, forge:wires/aeternium, forge:wires/nickel, forge:plates/potassium_nitrate, forge:raw_materials/mithril, forge:nuggets/bitumen, forge:gems/copper, forge:ores/coal_coke, forge:gems/bitumen, forge:gems/tungsten, forge:wires/chrome, forge:wires/invar, forge:gems/zinc, forge:rods/tungsten, forge:wires/lapis, forge:raw_materials/sulfur, forge:gems/constantan, forge:nuggets/aeternium, forge:ingots/bitumen, forge:storage_blocks/raw_graphite, forge:nuggets/obsidian, forge:storage_blocks/raw_bronze, forge:raw_materials/potassium_nitrate, forge:storage_blocks/raw_charcoal, forge:ores/constantan, forge:rods/mithril, forge:storage_blocks/amber, forge:ores/enderium, forge:wires/bitumen, forge:gears/obsidian, forge:gems/iron, forge:gears/peridot, forge:storage_blocks/raw_sulfur, forge:nuggets/sulfur, forge:ingots/charcoal, forge:storage_blocks/chrome, forge:wires/uranium, forge:wires/elementium, forge:storage_blocks/raw_steel, forge:raw_materials/fluorite, forge:ores/potassium_nitrate, forge:nuggets/cinnabar, forge:plates/charcoal, forge:wires/bronze, forge:wires/potassium_nitrate, forge:raw_materials/invar, forge:wires/obsidian, forge:raw_materials/bitumen, forge:dusts/chrome, forge:plates/peridot, forge:gears/cinnabar, forge:raw_materials/bronze, forge:wires/tungsten, forge:ores/electrum, forge:plates/amber, forge:storage_blocks/raw_diamond, forge:gems/netherite, forge:rods/sulfur, forge:raw_materials/electrum, forge:ingots/coal, forge:nuggets/mithril, forge:ores/charcoal, forge:raw_materials/sapphire, forge:ores/bronze, forge:rods/ruby, forge:plates/sulfur, forge:rods/cinnabar, forge:ingots/amber, forge:ores/chrome, forge:rods/obsidian, forge:rods/cobalt, forge:gears/fluorite, forge:wires/amber, forge:gears/apatite, forge:gems/iridium, forge:raw_materials/ruby, forge:raw_materials/brass, forge:ingots/sapphire, forge:rods/coal, forge:gems/coal_coke, forge:storage_blocks/raw_sapphire, forge:gems/potassium_nitrate, forge:rods/bitumen, forge:wires/constantan, forge:wires/sulfur, forge:raw_materials/aeternium, forge:storage_blocks/raw_fluorite, forge:ingots/emerald, forge:ingots/fluorite, forge:gears/potassium_nitrate, forge:raw_materials/chrome, forge:ores/invar, forge:wires/cobalt, forge:nuggets/ruby, forge:gems/lead, forge:raw_materials/charcoal, forge:storage_blocks/raw_brass, forge:storage_blocks/raw_aeternium, forge:ores/brass, forge:rods/charcoal, forge:gems/tin, forge:nuggets/chrome, forge:raw_materials/constantan, forge:dusts/amber, forge:wires/diamond, forge:storage_blocks/raw_constantan, forge:storage_blocks/raw_mithril, forge:plates/mithril, forge:ingots/potassium_nitrate, forge:storage_blocks/mithril, forge:ingots/aeternium, forge:raw_materials/lapis, forge:raw_materials/coal, forge:gears/amber, forge:gems/graphite, forge:nuggets/amber, forge:wires/mithril, forge:plates/lapis, forge:ores/signalum, forge:storage_blocks/raw_signalum, forge:raw_materials/obsidian, forge:storage_blocks/raw_electrum, forge:ingots/chrome, forge:wires/tin, forge:gems/coal, forge:rods/chrome, forge:gears/charcoal, forge:plates/bitumen, forge:gears/elementium, forge:nuggets/graphite, forge:nuggets/peridot, forge:nuggets/coal, forge:ores/netherite, forge:dusts/bitumen, forge:gems/invar, forge:plates/aeternium, forge:rods/amber, forge:rods/sapphire, forge:raw_materials/cobalt, forge:dusts/mithril, forge:gems/enderium, forge:rods/peridot, forge:ores/tungsten, forge:storage_blocks/raw_obsidian, forge:dusts/elementium, forge:gems/silver, forge:raw_materials/signalum, forge:ingots/cinnabar, forge:ores/amber, forge:rods/potassium_nitrate, forge:storage_blocks/raw_bitumen, forge:gears/mithril, forge:rods/fluorite, forge:nuggets/coal_coke, forge:wires/apatite, forge:gears/coal, forge:raw_materials/peridot, forge:gears/chrome, forge:raw_materials/steel, forge:storage_blocks/raw_coal_coke, forge:wires/netherite, forge:nuggets/apatite, forge:nuggets/potassium_nitrate, forge:plates/ruby, forge:wires/silver, forge:rods/aeternium, forge:rods/lapis, forge:ingots/apatite, forge:ores/bitumen, forge:wires/zinc, forge:storage_blocks/raw_netherite, forge:storage_blocks/raw_invar, forge:raw_materials/amber, forge:ores/steel, forge:gems/amber, forge:ores/lumium, forge:nuggets/lapis, forge:wires/coal_coke, forge:rods/elementium, forge:raw_materials/tungsten, forge:raw_materials/graphite, forge:ores/mithril, forge:gears/cobalt, forge:raw_materials/coal_coke, forge:raw_materials/emerald, forge:wires/sapphire, forge:wires/fluorite, forge:ingots/sulfur, forge:gears/aeternium, forge:gems/steel, forge:storage_blocks/raw_lapis, forge:gears/bitumen, forge:ores/aeternium, forge:storage_blocks/raw_cobalt, forge:gems/aluminum, forge:wires/peridot, forge:gears/coal_coke, forge:storage_blocks/raw_enderium, forge:dusts/aeternium, forge:storage_blocks/raw_cinnabar, forge:storage_blocks/raw_potassium_nitrate, forge:ingots/peridot, forge:raw_materials/lumium, forge:wires/graphite, forge:gems/cobalt, forge:raw_materials/apatite, forge:wires/charcoal, forge:gems/charcoal, forge:ingots/coal_coke, forge:nuggets/fluorite, forge:raw_materials/diamond, forge:rods/apatite, forge:wires/osmium, forge:storage_blocks/potassium_nitrate, forge:gems/obsidian, forge:ores/obsidian, forge:plates/fluorite, forge:nuggets/sapphire, forge:storage_blocks/raw_tungsten, forge:storage_blocks/raw_emerald, forge:plates/elementium, forge:ores/graphite, forge:gems/gold, forge:ingots/lapis, forge:wires/iridium, forge:wires/coal, forge:wires/emerald, forge:plates/sapphire, forge:rods/graphite, forge:storage_blocks/raw_amber, forge:gears/sulfur, forge:gems/platinum, forge:wires/lumium, forge:storage_blocks/raw_coal, forge:storage_blocks/raw_peridot, forge:gems/mithril, forge:wires/signalum, forge:rods/coal_coke, forge:storage_blocks/raw_chrome, forge:storage_blocks/aeternium, forge:wires/brass, forge:plates/cinnabar, forge:gems/elementium, forge:ingots/ruby, forge:ingots/mithril, forge:raw_materials/netherite, forge:gems/nickel, forge:gems/chrome, forge:storage_blocks/raw_lumium, forge:gems/aeternium, forge:gems/uranium, forge:gems/electrum, forge:plates/apatite, forge:ores/cobalt, forge:ores/elementium, forge:wires/platinum, forge:wires/cinnabar, forge:gems/signalum, forge:ingots/diamond, forge:gems/osmium, forge:wires/ruby, forge:plates/coal, forge:raw_materials/enderium, forge:gears/graphite, forge:storage_blocks/raw_ruby, forge:gears/tungsten, forge:plates/chrome, forge:storage_blocks/raw_apatite, forge:raw_materials/cinnabar, forge:plates/coal_coke, forge:plates/emerald, forge:nuggets/charcoal, forge:gems/lumium]
[08Jul2025 02:52:19.044] [Worker-Main-2/INFO] [Silent Gear/]: Injecting loot table 'silentgear:inject/minecraft/chests/bastion_bridge' into 'minecraft:chests/bastion_bridge'
[08Jul2025 02:52:19.367] [Worker-Main-2/INFO] [Silent Gear/]: Injecting loot table 'silentgear:inject/minecraft/chests/bastion_other' into 'minecraft:chests/bastion_other'
[08Jul2025 02:52:19.655] [Worker-Main-2/INFO] [Silent Gear/]: Injecting loot table 'silentgear:inject/minecraft/chests/bastion_treasure' into 'minecraft:chests/bastion_treasure'
[08Jul2025 02:52:19.671] [Worker-Main-2/INFO] [Silent Gear/]: Injecting loot table 'silentgear:inject/minecraft/chests/nether_bridge' into 'minecraft:chests/nether_bridge'
[08Jul2025 02:52:19.696] [Worker-Main-2/INFO] [Silent Gear/]: Injecting loot table 'silentgear:inject/minecraft/entities/spider' into 'minecraft:entities/spider'
[08Jul2025 02:52:19.953] [Worker-Main-2/INFO] [Silent Gear/]: Registered material modifier silentgear:grade
[08Jul2025 02:52:19.953] [Worker-Main-2/INFO] [Silent Gear/]: Registered material modifier silentgear:starcharged
[08Jul2025 02:52:20.024] [Worker-Main-2/INFO] [Silent Gear/]: Injecting loot table 'silentgear:inject/minecraft/entities/zombie_villager' into 'minecraft:entities/zombie_villager'
[08Jul2025 02:52:20.128] [Worker-Main-2/ERROR] [net.minecraftforge.common.ForgeHooks/]: Couldn't parse element loot_tables:advgenerators:blocks/eu_output_iv
com.google.gson.JsonSyntaxException: Expected name to be an item, was unknown string 'advgenerators:eu_output_iv'
	at net.minecraft.util.GsonHelper.m_13866_(GsonHelper.java:145) ~[server-1.20.1-20230612.114412-srg.jar%23710!/:?]
	at java.util.Optional.orElseThrow(Optional.java:403) ~[?:?]
	at net.minecraft.util.GsonHelper.m_13874_(GsonHelper.java:145) ~[server-1.20.1-20230612.114412-srg.jar%23710!/:?]
	at net.minecraft.util.GsonHelper.m_13909_(GsonHelper.java:153) ~[server-1.20.1-20230612.114412-srg.jar%23710!/:?]
	at net.minecraft.world.level.storage.loot.entries.LootItem$Serializer.m_7267_(LootItem.java:55) ~[server-1.20.1-20230612.114412-srg.jar%23710!/:?]
	at net.minecraft.world.level.storage.loot.entries.LootItem$Serializer.m_7267_(LootItem.java:40) ~[server-1.20.1-20230612.114412-srg.jar%23710!/:?]
	at net.minecraft.world.level.storage.loot.entries.LootPoolSingletonContainer$Serializer.m_5921_(LootPoolSingletonContainer.java:151) ~[server-1.20.1-20230612.114412-srg.jar%23710!/:?]
	at net.minecraft.world.level.storage.loot.entries.LootPoolSingletonContainer$Serializer.m_5921_(LootPoolSingletonContainer.java:129) ~[server-1.20.1-20230612.114412-srg.jar%23710!/:?]
	at net.minecraft.world.level.storage.loot.entries.LootPoolEntryContainer$Serializer.m_7561_(LootPoolEntryContainer.java:86) ~[server-1.20.1-20230612.114412-srg.jar%23710!/:?]
	at net.minecraft.world.level.storage.loot.entries.LootPoolEntryContainer$Serializer.m_7561_(LootPoolEntryContainer.java:74) ~[server-1.20.1-20230612.114412-srg.jar%23710!/:?]
	at net.minecraft.world.level.storage.loot.GsonAdapterFactory$JsonAdapter.deserialize(GsonAdapterFactory.java:102) ~[server-1.20.1-20230612.114412-srg.jar%23710!/:?]
	at com.google.gson.internal.bind.TreeTypeAdapter.read(TreeTypeAdapter.java:76) ~[gson-2.10.jar%2372!/:?]
	at com.google.gson.internal.bind.TypeAdapterRuntimeTypeWrapper.read(TypeAdapterRuntimeTypeWrapper.java:40) ~[gson-2.10.jar%2372!/:?]
	at com.google.gson.internal.bind.ArrayTypeAdapter.read(ArrayTypeAdapter.java:72) ~[gson-2.10.jar%2372!/:?]
	at com.google.gson.Gson.fromJson(Gson.java:1214) ~[gson-2.10.jar%2372!/:?]
	at com.google.gson.Gson.fromJson(Gson.java:1319) ~[gson-2.10.jar%2372!/:?]
	at com.google.gson.Gson.fromJson(Gson.java:1290) ~[gson-2.10.jar%2372!/:?]
	at com.google.gson.internal.bind.TreeTypeAdapter$GsonContextImpl.deserialize(TreeTypeAdapter.java:179) ~[gson-2.10.jar%2372!/:?]
	at net.minecraft.util.GsonHelper.m_13808_(GsonHelper.java:463) ~[server-1.20.1-20230612.114412-srg.jar%23710!/:?]
	at net.minecraft.util.GsonHelper.m_13836_(GsonHelper.java:471) ~[server-1.20.1-20230612.114412-srg.jar%23710!/:?]
	at net.minecraft.world.level.storage.loot.LootPool$Serializer.deserialize(LootPool.java:192) ~[server-1.20.1-20230612.114412-srg.jar%23710!/:?]
	at net.minecraft.world.level.storage.loot.LootPool$Serializer.deserialize(LootPool.java:189) ~[server-1.20.1-20230612.114412-srg.jar%23710!/:?]
	at com.google.gson.internal.bind.TreeTypeAdapter.read(TreeTypeAdapter.java:76) ~[gson-2.10.jar%2372!/:?]
	at com.google.gson.internal.bind.TypeAdapterRuntimeTypeWrapper.read(TypeAdapterRuntimeTypeWrapper.java:40) ~[gson-2.10.jar%2372!/:?]
	at com.google.gson.internal.bind.ArrayTypeAdapter.read(ArrayTypeAdapter.java:72) ~[gson-2.10.jar%2372!/:?]
	at com.google.gson.Gson.fromJson(Gson.java:1214) ~[gson-2.10.jar%2372!/:?]
	at com.google.gson.Gson.fromJson(Gson.java:1319) ~[gson-2.10.jar%2372!/:?]
	at com.google.gson.Gson.fromJson(Gson.java:1290) ~[gson-2.10.jar%2372!/:?]
	at com.google.gson.internal.bind.TreeTypeAdapter$GsonContextImpl.deserialize(TreeTypeAdapter.java:179) ~[gson-2.10.jar%2372!/:?]
	at net.minecraft.util.GsonHelper.m_13808_(GsonHelper.java:463) ~[server-1.20.1-20230612.114412-srg.jar%23710!/:?]
	at net.minecraft.util.GsonHelper.m_13845_(GsonHelper.java:481) ~[server-1.20.1-20230612.114412-srg.jar%23710!/:?]
	at net.minecraft.world.level.storage.loot.LootTable$Serializer.deserialize(LootTable.java:294) ~[server-1.20.1-20230612.114412-srg.jar%23710!/:?]
	at net.minecraft.world.level.storage.loot.LootTable$Serializer.deserialize(LootTable.java:291) ~[server-1.20.1-20230612.114412-srg.jar%23710!/:?]
	at com.google.gson.internal.bind.TreeTypeAdapter.read(TreeTypeAdapter.java:76) ~[gson-2.10.jar%2372!/:?]
	at com.google.gson.Gson.fromJson(Gson.java:1214) ~[gson-2.10.jar%2372!/:?]
	at com.google.gson.Gson.fromJson(Gson.java:1319) ~[gson-2.10.jar%2372!/:?]
	at com.google.gson.Gson.fromJson(Gson.java:1261) ~[gson-2.10.jar%2372!/:?]
	at net.minecraftforge.common.ForgeHooks.loadLootTable(ForgeHooks.java:871) ~[forge-1.20.1-47.4.0-universal.jar%23715!/:?]
	at net.minecraftforge.common.ForgeHooks.lambda$getLootTableDeserializer$3(ForgeHooks.java:848) ~[forge-1.20.1-47.4.0-universal.jar%23715!/:?]
	at net.minecraft.world.level.storage.loot.LootDataType.deserialize(LootDataType.java:45) ~[server-1.20.1-20230612.114412-srg.jar%23710!/:?]
	at net.minecraft.world.level.storage.loot.LootDataManager.lambda$scheduleElementParse$4(LootDataManager.java:56) ~[server-1.20.1-20230612.114412-srg.jar%23710!/:?]
	at java.util.HashMap.forEach(HashMap.java:1421) ~[?:?]
	at net.minecraft.world.level.storage.loot.LootDataManager.m_278660_(LootDataManager.java:55) ~[server-1.20.1-20230612.114412-srg.jar%23710!/:?]
	at java.util.concurrent.CompletableFuture$AsyncRun.run(CompletableFuture.java:1804) ~[?:?]
	at java.util.concurrent.CompletableFuture$AsyncRun.exec(CompletableFuture.java:1796) ~[?:?]
	at java.util.concurrent.ForkJoinTask.doExec(ForkJoinTask.java:373) ~[?:?]
	at java.util.concurrent.ForkJoinPool$WorkQueue.topLevelExec(ForkJoinPool.java:1182) ~[?:?]
	at java.util.concurrent.ForkJoinPool.scan(ForkJoinPool.java:1655) ~[?:?]
	at java.util.concurrent.ForkJoinPool.runWorker(ForkJoinPool.java:1622) ~[?:?]
	at java.util.concurrent.ForkJoinWorkerThread.run(ForkJoinWorkerThread.java:165) ~[?:?]
[08Jul2025 02:52:20.134] [Worker-Main-2/ERROR] [net.minecraftforge.common.ForgeHooks/]: Couldn't parse element loot_tables:advgenerators:blocks/eu_output_hv
com.google.gson.JsonSyntaxException: Expected name to be an item, was unknown string 'advgenerators:eu_output_hv'
	at net.minecraft.util.GsonHelper.m_13866_(GsonHelper.java:145) ~[server-1.20.1-20230612.114412-srg.jar%23710!/:?]
	at java.util.Optional.orElseThrow(Optional.java:403) ~[?:?]
	at net.minecraft.util.GsonHelper.m_13874_(GsonHelper.java:145) ~[server-1.20.1-20230612.114412-srg.jar%23710!/:?]
	at net.minecraft.util.GsonHelper.m_13909_(GsonHelper.java:153) ~[server-1.20.1-20230612.114412-srg.jar%23710!/:?]
	at net.minecraft.world.level.storage.loot.entries.LootItem$Serializer.m_7267_(LootItem.java:55) ~[server-1.20.1-20230612.114412-srg.jar%23710!/:?]
	at net.minecraft.world.level.storage.loot.entries.LootItem$Serializer.m_7267_(LootItem.java:40) ~[server-1.20.1-20230612.114412-srg.jar%23710!/:?]
	at net.minecraft.world.level.storage.loot.entries.LootPoolSingletonContainer$Serializer.m_5921_(LootPoolSingletonContainer.java:151) ~[server-1.20.1-20230612.114412-srg.jar%23710!/:?]
	at net.minecraft.world.level.storage.loot.entries.LootPoolSingletonContainer$Serializer.m_5921_(LootPoolSingletonContainer.java:129) ~[server-1.20.1-20230612.114412-srg.jar%23710!/:?]
	at net.minecraft.world.level.storage.loot.entries.LootPoolEntryContainer$Serializer.m_7561_(LootPoolEntryContainer.java:86) ~[server-1.20.1-20230612.114412-srg.jar%23710!/:?]
	at net.minecraft.world.level.storage.loot.entries.LootPoolEntryContainer$Serializer.m_7561_(LootPoolEntryContainer.java:74) ~[server-1.20.1-20230612.114412-srg.jar%23710!/:?]
	at net.minecraft.world.level.storage.loot.GsonAdapterFactory$JsonAdapter.deserialize(GsonAdapterFactory.java:102) ~[server-1.20.1-20230612.114412-srg.jar%23710!/:?]
	at com.google.gson.internal.bind.TreeTypeAdapter.read(TreeTypeAdapter.java:76) ~[gson-2.10.jar%2372!/:?]
	at com.google.gson.internal.bind.TypeAdapterRuntimeTypeWrapper.read(TypeAdapterRuntimeTypeWrapper.java:40) ~[gson-2.10.jar%2372!/:?]
	at com.google.gson.internal.bind.ArrayTypeAdapter.read(ArrayTypeAdapter.java:72) ~[gson-2.10.jar%2372!/:?]
	at com.google.gson.Gson.fromJson(Gson.java:1214) ~[gson-2.10.jar%2372!/:?]
	at com.google.gson.Gson.fromJson(Gson.java:1319) ~[gson-2.10.jar%2372!/:?]
	at com.google.gson.Gson.fromJson(Gson.java:1290) ~[gson-2.10.jar%2372!/:?]
	at com.google.gson.internal.bind.TreeTypeAdapter$GsonContextImpl.deserialize(TreeTypeAdapter.java:179) ~[gson-2.10.jar%2372!/:?]
	at net.minecraft.util.GsonHelper.m_13808_(GsonHelper.java:463) ~[server-1.20.1-20230612.114412-srg.jar%23710!/:?]
	at net.minecraft.util.GsonHelper.m_13836_(GsonHelper.java:471) ~[server-1.20.1-20230612.114412-srg.jar%23710!/:?]
	at net.minecraft.world.level.storage.loot.LootPool$Serializer.deserialize(LootPool.java:192) ~[server-1.20.1-20230612.114412-srg.jar%23710!/:?]
	at net.minecraft.world.level.storage.loot.LootPool$Serializer.deserialize(LootPool.java:189) ~[server-1.20.1-20230612.114412-srg.jar%23710!/:?]
	at com.google.gson.internal.bind.TreeTypeAdapter.read(TreeTypeAdapter.java:76) ~[gson-2.10.jar%2372!/:?]
	at com.google.gson.internal.bind.TypeAdapterRuntimeTypeWrapper.read(TypeAdapterRuntimeTypeWrapper.java:40) ~[gson-2.10.jar%2372!/:?]
	at com.google.gson.internal.bind.ArrayTypeAdapter.read(ArrayTypeAdapter.java:72) ~[gson-2.10.jar%2372!/:?]
	at com.google.gson.Gson.fromJson(Gson.java:1214) ~[gson-2.10.jar%2372!/:?]
	at com.google.gson.Gson.fromJson(Gson.java:1319) ~[gson-2.10.jar%2372!/:?]
	at com.google.gson.Gson.fromJson(Gson.java:1290) ~[gson-2.10.jar%2372!/:?]
	at com.google.gson.internal.bind.TreeTypeAdapter$GsonContextImpl.deserialize(TreeTypeAdapter.java:179) ~[gson-2.10.jar%2372!/:?]
	at net.minecraft.util.GsonHelper.m_13808_(GsonHelper.java:463) ~[server-1.20.1-20230612.114412-srg.jar%23710!/:?]
	at net.minecraft.util.GsonHelper.m_13845_(GsonHelper.java:481) ~[server-1.20.1-20230612.114412-srg.jar%23710!/:?]
	at net.minecraft.world.level.storage.loot.LootTable$Serializer.deserialize(LootTable.java:294) ~[server-1.20.1-20230612.114412-srg.jar%23710!/:?]
	at net.minecraft.world.level.storage.loot.LootTable$Serializer.deserialize(LootTable.java:291) ~[server-1.20.1-20230612.114412-srg.jar%23710!/:?]
	at com.google.gson.internal.bind.TreeTypeAdapter.read(TreeTypeAdapter.java:76) ~[gson-2.10.jar%2372!/:?]
	at com.google.gson.Gson.fromJson(Gson.java:1214) ~[gson-2.10.jar%2372!/:?]
	at com.google.gson.Gson.fromJson(Gson.java:1319) ~[gson-2.10.jar%2372!/:?]
	at com.google.gson.Gson.fromJson(Gson.java:1261) ~[gson-2.10.jar%2372!/:?]
	at net.minecraftforge.common.ForgeHooks.loadLootTable(ForgeHooks.java:871) ~[forge-1.20.1-47.4.0-universal.jar%23715!/:?]
	at net.minecraftforge.common.ForgeHooks.lambda$getLootTableDeserializer$3(ForgeHooks.java:848) ~[forge-1.20.1-47.4.0-universal.jar%23715!/:?]
	at net.minecraft.world.level.storage.loot.LootDataType.deserialize(LootDataType.java:45) ~[server-1.20.1-20230612.114412-srg.jar%23710!/:?]
	at net.minecraft.world.level.storage.loot.LootDataManager.lambda$scheduleElementParse$4(LootDataManager.java:56) ~[server-1.20.1-20230612.114412-srg.jar%23710!/:?]
	at java.util.HashMap.forEach(HashMap.java:1421) ~[?:?]
	at net.minecraft.world.level.storage.loot.LootDataManager.m_278660_(LootDataManager.java:55) ~[server-1.20.1-20230612.114412-srg.jar%23710!/:?]
	at java.util.concurrent.CompletableFuture$AsyncRun.run(CompletableFuture.java:1804) ~[?:?]
	at java.util.concurrent.CompletableFuture$AsyncRun.exec(CompletableFuture.java:1796) ~[?:?]
	at java.util.concurrent.ForkJoinTask.doExec(ForkJoinTask.java:373) ~[?:?]
	at java.util.concurrent.ForkJoinPool$WorkQueue.topLevelExec(ForkJoinPool.java:1182) ~[?:?]
	at java.util.concurrent.ForkJoinPool.scan(ForkJoinPool.java:1655) ~[?:?]
	at java.util.concurrent.ForkJoinPool.runWorker(ForkJoinPool.java:1622) ~[?:?]
	at java.util.concurrent.ForkJoinWorkerThread.run(ForkJoinWorkerThread.java:165) ~[?:?]
[08Jul2025 02:52:20.142] [Worker-Main-2/ERROR] [net.minecraftforge.common.ForgeHooks/]: Couldn't parse element loot_tables:advgenerators:blocks/eu_output_ev
com.google.gson.JsonSyntaxException: Expected name to be an item, was unknown string 'advgenerators:eu_output_ev'
	at net.minecraft.util.GsonHelper.m_13866_(GsonHelper.java:145) ~[server-1.20.1-20230612.114412-srg.jar%23710!/:?]
	at java.util.Optional.orElseThrow(Optional.java:403) ~[?:?]
	at net.minecraft.util.GsonHelper.m_13874_(GsonHelper.java:145) ~[server-1.20.1-20230612.114412-srg.jar%23710!/:?]
	at net.minecraft.util.GsonHelper.m_13909_(GsonHelper.java:153) ~[server-1.20.1-20230612.114412-srg.jar%23710!/:?]
	at net.minecraft.world.level.storage.loot.entries.LootItem$Serializer.m_7267_(LootItem.java:55) ~[server-1.20.1-20230612.114412-srg.jar%23710!/:?]
	at net.minecraft.world.level.storage.loot.entries.LootItem$Serializer.m_7267_(LootItem.java:40) ~[server-1.20.1-20230612.114412-srg.jar%23710!/:?]
	at net.minecraft.world.level.storage.loot.entries.LootPoolSingletonContainer$Serializer.m_5921_(LootPoolSingletonContainer.java:151) ~[server-1.20.1-20230612.114412-srg.jar%23710!/:?]
	at net.minecraft.world.level.storage.loot.entries.LootPoolSingletonContainer$Serializer.m_5921_(LootPoolSingletonContainer.java:129) ~[server-1.20.1-20230612.114412-srg.jar%23710!/:?]
	at net.minecraft.world.level.storage.loot.entries.LootPoolEntryContainer$Serializer.m_7561_(LootPoolEntryContainer.java:86) ~[server-1.20.1-20230612.114412-srg.jar%23710!/:?]
	at net.minecraft.world.level.storage.loot.entries.LootPoolEntryContainer$Serializer.m_7561_(LootPoolEntryContainer.java:74) ~[server-1.20.1-20230612.114412-srg.jar%23710!/:?]
	at net.minecraft.world.level.storage.loot.GsonAdapterFactory$JsonAdapter.deserialize(GsonAdapterFactory.java:102) ~[server-1.20.1-20230612.114412-srg.jar%23710!/:?]
	at com.google.gson.internal.bind.TreeTypeAdapter.read(TreeTypeAdapter.java:76) ~[gson-2.10.jar%2372!/:?]
	at com.google.gson.internal.bind.TypeAdapterRuntimeTypeWrapper.read(TypeAdapterRuntimeTypeWrapper.java:40) ~[gson-2.10.jar%2372!/:?]
	at com.google.gson.internal.bind.ArrayTypeAdapter.read(ArrayTypeAdapter.java:72) ~[gson-2.10.jar%2372!/:?]
	at com.google.gson.Gson.fromJson(Gson.java:1214) ~[gson-2.10.jar%2372!/:?]
	at com.google.gson.Gson.fromJson(Gson.java:1319) ~[gson-2.10.jar%2372!/:?]
	at com.google.gson.Gson.fromJson(Gson.java:1290) ~[gson-2.10.jar%2372!/:?]
	at com.google.gson.internal.bind.TreeTypeAdapter$GsonContextImpl.deserialize(TreeTypeAdapter.java:179) ~[gson-2.10.jar%2372!/:?]
	at net.minecraft.util.GsonHelper.m_13808_(GsonHelper.java:463) ~[server-1.20.1-20230612.114412-srg.jar%23710!/:?]
	at net.minecraft.util.GsonHelper.m_13836_(GsonHelper.java:471) ~[server-1.20.1-20230612.114412-srg.jar%23710!/:?]
	at net.minecraft.world.level.storage.loot.LootPool$Serializer.deserialize(LootPool.java:192) ~[server-1.20.1-20230612.114412-srg.jar%23710!/:?]
	at net.minecraft.world.level.storage.loot.LootPool$Serializer.deserialize(LootPool.java:189) ~[server-1.20.1-20230612.114412-srg.jar%23710!/:?]
	at com.google.gson.internal.bind.TreeTypeAdapter.read(TreeTypeAdapter.java:76) ~[gson-2.10.jar%2372!/:?]
	at com.google.gson.internal.bind.TypeAdapterRuntimeTypeWrapper.read(TypeAdapterRuntimeTypeWrapper.java:40) ~[gson-2.10.jar%2372!/:?]
	at com.google.gson.internal.bind.ArrayTypeAdapter.read(ArrayTypeAdapter.java:72) ~[gson-2.10.jar%2372!/:?]
	at com.google.gson.Gson.fromJson(Gson.java:1214) ~[gson-2.10.jar%2372!/:?]
	at com.google.gson.Gson.fromJson(Gson.java:1319) ~[gson-2.10.jar%2372!/:?]
	at com.google.gson.Gson.fromJson(Gson.java:1290) ~[gson-2.10.jar%2372!/:?]
	at com.google.gson.internal.bind.TreeTypeAdapter$GsonContextImpl.deserialize(TreeTypeAdapter.java:179) ~[gson-2.10.jar%2372!/:?]
	at net.minecraft.util.GsonHelper.m_13808_(GsonHelper.java:463) ~[server-1.20.1-20230612.114412-srg.jar%23710!/:?]
	at net.minecraft.util.GsonHelper.m_13845_(GsonHelper.java:481) ~[server-1.20.1-20230612.114412-srg.jar%23710!/:?]
	at net.minecraft.world.level.storage.loot.LootTable$Serializer.deserialize(LootTable.java:294) ~[server-1.20.1-20230612.114412-srg.jar%23710!/:?]
	at net.minecraft.world.level.storage.loot.LootTable$Serializer.deserialize(LootTable.java:291) ~[server-1.20.1-20230612.114412-srg.jar%23710!/:?]
	at com.google.gson.internal.bind.TreeTypeAdapter.read(TreeTypeAdapter.java:76) ~[gson-2.10.jar%2372!/:?]
	at com.google.gson.Gson.fromJson(Gson.java:1214) ~[gson-2.10.jar%2372!/:?]
	at com.google.gson.Gson.fromJson(Gson.java:1319) ~[gson-2.10.jar%2372!/:?]
	at com.google.gson.Gson.fromJson(Gson.java:1261) ~[gson-2.10.jar%2372!/:?]
	at net.minecraftforge.common.ForgeHooks.loadLootTable(ForgeHooks.java:871) ~[forge-1.20.1-47.4.0-universal.jar%23715!/:?]
	at net.minecraftforge.common.ForgeHooks.lambda$getLootTableDeserializer$3(ForgeHooks.java:848) ~[forge-1.20.1-47.4.0-universal.jar%23715!/:?]
	at net.minecraft.world.level.storage.loot.LootDataType.deserialize(LootDataType.java:45) ~[server-1.20.1-20230612.114412-srg.jar%23710!/:?]
	at net.minecraft.world.level.storage.loot.LootDataManager.lambda$scheduleElementParse$4(LootDataManager.java:56) ~[server-1.20.1-20230612.114412-srg.jar%23710!/:?]
	at java.util.HashMap.forEach(HashMap.java:1421) ~[?:?]
	at net.minecraft.world.level.storage.loot.LootDataManager.m_278660_(LootDataManager.java:55) ~[server-1.20.1-20230612.114412-srg.jar%23710!/:?]
	at java.util.concurrent.CompletableFuture$AsyncRun.run(CompletableFuture.java:1804) ~[?:?]
	at java.util.concurrent.CompletableFuture$AsyncRun.exec(CompletableFuture.java:1796) ~[?:?]
	at java.util.concurrent.ForkJoinTask.doExec(ForkJoinTask.java:373) ~[?:?]
	at java.util.concurrent.ForkJoinPool$WorkQueue.topLevelExec(ForkJoinPool.java:1182) ~[?:?]
	at java.util.concurrent.ForkJoinPool.scan(ForkJoinPool.java:1655) ~[?:?]
	at java.util.concurrent.ForkJoinPool.runWorker(ForkJoinPool.java:1622) ~[?:?]
	at java.util.concurrent.ForkJoinWorkerThread.run(ForkJoinWorkerThread.java:165) ~[?:?]
[08Jul2025 02:52:20.177] [Worker-Main-2/INFO] [Silent Gear/]: Injecting loot table 'silentgear:inject/minecraft/chests/ruined_portal' into 'minecraft:chests/ruined_portal'
[08Jul2025 02:52:20.656] [Worker-Main-2/INFO] [Silent Gear/]: Injecting loot table 'silentgear:inject/minecraft/entities/cave_spider' into 'minecraft:entities/cave_spider'
[08Jul2025 02:52:20.661] [Worker-Main-2/ERROR] [net.minecraftforge.common.ForgeHooks/]: Couldn't parse element loot_tables:advgenerators:blocks/eu_output_mv
com.google.gson.JsonSyntaxException: Expected name to be an item, was unknown string 'advgenerators:eu_output_mv'
	at net.minecraft.util.GsonHelper.m_13866_(GsonHelper.java:145) ~[server-1.20.1-20230612.114412-srg.jar%23710!/:?]
	at java.util.Optional.orElseThrow(Optional.java:403) ~[?:?]
	at net.minecraft.util.GsonHelper.m_13874_(GsonHelper.java:145) ~[server-1.20.1-20230612.114412-srg.jar%23710!/:?]
	at net.minecraft.util.GsonHelper.m_13909_(GsonHelper.java:153) ~[server-1.20.1-20230612.114412-srg.jar%23710!/:?]
	at net.minecraft.world.level.storage.loot.entries.LootItem$Serializer.m_7267_(LootItem.java:55) ~[server-1.20.1-20230612.114412-srg.jar%23710!/:?]
	at net.minecraft.world.level.storage.loot.entries.LootItem$Serializer.m_7267_(LootItem.java:40) ~[server-1.20.1-20230612.114412-srg.jar%23710!/:?]
	at net.minecraft.world.level.storage.loot.entries.LootPoolSingletonContainer$Serializer.m_5921_(LootPoolSingletonContainer.java:151) ~[server-1.20.1-20230612.114412-srg.jar%23710!/:?]
	at net.minecraft.world.level.storage.loot.entries.LootPoolSingletonContainer$Serializer.m_5921_(LootPoolSingletonContainer.java:129) ~[server-1.20.1-20230612.114412-srg.jar%23710!/:?]
	at net.minecraft.world.level.storage.loot.entries.LootPoolEntryContainer$Serializer.m_7561_(LootPoolEntryContainer.java:86) ~[server-1.20.1-20230612.114412-srg.jar%23710!/:?]
	at net.minecraft.world.level.storage.loot.entries.LootPoolEntryContainer$Serializer.m_7561_(LootPoolEntryContainer.java:74) ~[server-1.20.1-20230612.114412-srg.jar%23710!/:?]
	at net.minecraft.world.level.storage.loot.GsonAdapterFactory$JsonAdapter.deserialize(GsonAdapterFactory.java:102) ~[server-1.20.1-20230612.114412-srg.jar%23710!/:?]
	at com.google.gson.internal.bind.TreeTypeAdapter.read(TreeTypeAdapter.java:76) ~[gson-2.10.jar%2372!/:?]
	at com.google.gson.internal.bind.TypeAdapterRuntimeTypeWrapper.read(TypeAdapterRuntimeTypeWrapper.java:40) ~[gson-2.10.jar%2372!/:?]
	at com.google.gson.internal.bind.ArrayTypeAdapter.read(ArrayTypeAdapter.java:72) ~[gson-2.10.jar%2372!/:?]
	at com.google.gson.Gson.fromJson(Gson.java:1214) ~[gson-2.10.jar%2372!/:?]
	at com.google.gson.Gson.fromJson(Gson.java:1319) ~[gson-2.10.jar%2372!/:?]
	at com.google.gson.Gson.fromJson(Gson.java:1290) ~[gson-2.10.jar%2372!/:?]
	at com.google.gson.internal.bind.TreeTypeAdapter$GsonContextImpl.deserialize(TreeTypeAdapter.java:179) ~[gson-2.10.jar%2372!/:?]
	at net.minecraft.util.GsonHelper.m_13808_(GsonHelper.java:463) ~[server-1.20.1-20230612.114412-srg.jar%23710!/:?]
	at net.minecraft.util.GsonHelper.m_13836_(GsonHelper.java:471) ~[server-1.20.1-20230612.114412-srg.jar%23710!/:?]
	at net.minecraft.world.level.storage.loot.LootPool$Serializer.deserialize(LootPool.java:192) ~[server-1.20.1-20230612.114412-srg.jar%23710!/:?]
	at net.minecraft.world.level.storage.loot.LootPool$Serializer.deserialize(LootPool.java:189) ~[server-1.20.1-20230612.114412-srg.jar%23710!/:?]
	at com.google.gson.internal.bind.TreeTypeAdapter.read(TreeTypeAdapter.java:76) ~[gson-2.10.jar%2372!/:?]
	at com.google.gson.internal.bind.TypeAdapterRuntimeTypeWrapper.read(TypeAdapterRuntimeTypeWrapper.java:40) ~[gson-2.10.jar%2372!/:?]
	at com.google.gson.internal.bind.ArrayTypeAdapter.read(ArrayTypeAdapter.java:72) ~[gson-2.10.jar%2372!/:?]
	at com.google.gson.Gson.fromJson(Gson.java:1214) ~[gson-2.10.jar%2372!/:?]
	at com.google.gson.Gson.fromJson(Gson.java:1319) ~[gson-2.10.jar%2372!/:?]
	at com.google.gson.Gson.fromJson(Gson.java:1290) ~[gson-2.10.jar%2372!/:?]
	at com.google.gson.internal.bind.TreeTypeAdapter$GsonContextImpl.deserialize(TreeTypeAdapter.java:179) ~[gson-2.10.jar%2372!/:?]
	at net.minecraft.util.GsonHelper.m_13808_(GsonHelper.java:463) ~[server-1.20.1-20230612.114412-srg.jar%23710!/:?]
	at net.minecraft.util.GsonHelper.m_13845_(GsonHelper.java:481) ~[server-1.20.1-20230612.114412-srg.jar%23710!/:?]
	at net.minecraft.world.level.storage.loot.LootTable$Serializer.deserialize(LootTable.java:294) ~[server-1.20.1-20230612.114412-srg.jar%23710!/:?]
	at net.minecraft.world.level.storage.loot.LootTable$Serializer.deserialize(LootTable.java:291) ~[server-1.20.1-20230612.114412-srg.jar%23710!/:?]
	at com.google.gson.internal.bind.TreeTypeAdapter.read(TreeTypeAdapter.java:76) ~[gson-2.10.jar%2372!/:?]
	at com.google.gson.Gson.fromJson(Gson.java:1214) ~[gson-2.10.jar%2372!/:?]
	at com.google.gson.Gson.fromJson(Gson.java:1319) ~[gson-2.10.jar%2372!/:?]
	at com.google.gson.Gson.fromJson(Gson.java:1261) ~[gson-2.10.jar%2372!/:?]
	at net.minecraftforge.common.ForgeHooks.loadLootTable(ForgeHooks.java:871) ~[forge-1.20.1-47.4.0-universal.jar%23715!/:?]
	at net.minecraftforge.common.ForgeHooks.lambda$getLootTableDeserializer$3(ForgeHooks.java:848) ~[forge-1.20.1-47.4.0-universal.jar%23715!/:?]
	at net.minecraft.world.level.storage.loot.LootDataType.deserialize(LootDataType.java:45) ~[server-1.20.1-20230612.114412-srg.jar%23710!/:?]
	at net.minecraft.world.level.storage.loot.LootDataManager.lambda$scheduleElementParse$4(LootDataManager.java:56) ~[server-1.20.1-20230612.114412-srg.jar%23710!/:?]
	at java.util.HashMap.forEach(HashMap.java:1421) ~[?:?]
	at net.minecraft.world.level.storage.loot.LootDataManager.m_278660_(LootDataManager.java:55) ~[server-1.20.1-20230612.114412-srg.jar%23710!/:?]
	at java.util.concurrent.CompletableFuture$AsyncRun.run(CompletableFuture.java:1804) ~[?:?]
	at java.util.concurrent.CompletableFuture$AsyncRun.exec(CompletableFuture.java:1796) ~[?:?]
	at java.util.concurrent.ForkJoinTask.doExec(ForkJoinTask.java:373) ~[?:?]
	at java.util.concurrent.ForkJoinPool$WorkQueue.topLevelExec(ForkJoinPool.java:1182) ~[?:?]
	at java.util.concurrent.ForkJoinPool.scan(ForkJoinPool.java:1655) ~[?:?]
	at java.util.concurrent.ForkJoinPool.runWorker(ForkJoinPool.java:1622) ~[?:?]
	at java.util.concurrent.ForkJoinWorkerThread.run(ForkJoinWorkerThread.java:165) ~[?:?]
[08Jul2025 02:52:20.675] [Worker-Main-2/ERROR] [net.minecraftforge.common.ForgeHooks/]: Couldn't parse element loot_tables:advgenerators:blocks/eu_output_lv
com.google.gson.JsonSyntaxException: Expected name to be an item, was unknown string 'advgenerators:eu_output_lv'
	at net.minecraft.util.GsonHelper.m_13866_(GsonHelper.java:145) ~[server-1.20.1-20230612.114412-srg.jar%23710!/:?]
	at java.util.Optional.orElseThrow(Optional.java:403) ~[?:?]
	at net.minecraft.util.GsonHelper.m_13874_(GsonHelper.java:145) ~[server-1.20.1-20230612.114412-srg.jar%23710!/:?]
	at net.minecraft.util.GsonHelper.m_13909_(GsonHelper.java:153) ~[server-1.20.1-20230612.114412-srg.jar%23710!/:?]
	at net.minecraft.world.level.storage.loot.entries.LootItem$Serializer.m_7267_(LootItem.java:55) ~[server-1.20.1-20230612.114412-srg.jar%23710!/:?]
	at net.minecraft.world.level.storage.loot.entries.LootItem$Serializer.m_7267_(LootItem.java:40) ~[server-1.20.1-20230612.114412-srg.jar%23710!/:?]
	at net.minecraft.world.level.storage.loot.entries.LootPoolSingletonContainer$Serializer.m_5921_(LootPoolSingletonContainer.java:151) ~[server-1.20.1-20230612.114412-srg.jar%23710!/:?]
	at net.minecraft.world.level.storage.loot.entries.LootPoolSingletonContainer$Serializer.m_5921_(LootPoolSingletonContainer.java:129) ~[server-1.20.1-20230612.114412-srg.jar%23710!/:?]
	at net.minecraft.world.level.storage.loot.entries.LootPoolEntryContainer$Serializer.m_7561_(LootPoolEntryContainer.java:86) ~[server-1.20.1-20230612.114412-srg.jar%23710!/:?]
	at net.minecraft.world.level.storage.loot.entries.LootPoolEntryContainer$Serializer.m_7561_(LootPoolEntryContainer.java:74) ~[server-1.20.1-20230612.114412-srg.jar%23710!/:?]
	at net.minecraft.world.level.storage.loot.GsonAdapterFactory$JsonAdapter.deserialize(GsonAdapterFactory.java:102) ~[server-1.20.1-20230612.114412-srg.jar%23710!/:?]
	at com.google.gson.internal.bind.TreeTypeAdapter.read(TreeTypeAdapter.java:76) ~[gson-2.10.jar%2372!/:?]
	at com.google.gson.internal.bind.TypeAdapterRuntimeTypeWrapper.read(TypeAdapterRuntimeTypeWrapper.java:40) ~[gson-2.10.jar%2372!/:?]
	at com.google.gson.internal.bind.ArrayTypeAdapter.read(ArrayTypeAdapter.java:72) ~[gson-2.10.jar%2372!/:?]
	at com.google.gson.Gson.fromJson(Gson.java:1214) ~[gson-2.10.jar%2372!/:?]
	at com.google.gson.Gson.fromJson(Gson.java:1319) ~[gson-2.10.jar%2372!/:?]
	at com.google.gson.Gson.fromJson(Gson.java:1290) ~[gson-2.10.jar%2372!/:?]
	at com.google.gson.internal.bind.TreeTypeAdapter$GsonContextImpl.deserialize(TreeTypeAdapter.java:179) ~[gson-2.10.jar%2372!/:?]
	at net.minecraft.util.GsonHelper.m_13808_(GsonHelper.java:463) ~[server-1.20.1-20230612.114412-srg.jar%23710!/:?]
	at net.minecraft.util.GsonHelper.m_13836_(GsonHelper.java:471) ~[server-1.20.1-20230612.114412-srg.jar%23710!/:?]
	at net.minecraft.world.level.storage.loot.LootPool$Serializer.deserialize(LootPool.java:192) ~[server-1.20.1-20230612.114412-srg.jar%23710!/:?]
	at net.minecraft.world.level.storage.loot.LootPool$Serializer.deserialize(LootPool.java:189) ~[server-1.20.1-20230612.114412-srg.jar%23710!/:?]
	at com.google.gson.internal.bind.TreeTypeAdapter.read(TreeTypeAdapter.java:76) ~[gson-2.10.jar%2372!/:?]
	at com.google.gson.internal.bind.TypeAdapterRuntimeTypeWrapper.read(TypeAdapterRuntimeTypeWrapper.java:40) ~[gson-2.10.jar%2372!/:?]
	at com.google.gson.internal.bind.ArrayTypeAdapter.read(ArrayTypeAdapter.java:72) ~[gson-2.10.jar%2372!/:?]
	at com.google.gson.Gson.fromJson(Gson.java:1214) ~[gson-2.10.jar%2372!/:?]
	at com.google.gson.Gson.fromJson(Gson.java:1319) ~[gson-2.10.jar%2372!/:?]
	at com.google.gson.Gson.fromJson(Gson.java:1290) ~[gson-2.10.jar%2372!/:?]
	at com.google.gson.internal.bind.TreeTypeAdapter$GsonContextImpl.deserialize(TreeTypeAdapter.java:179) ~[gson-2.10.jar%2372!/:?]
	at net.minecraft.util.GsonHelper.m_13808_(GsonHelper.java:463) ~[server-1.20.1-20230612.114412-srg.jar%23710!/:?]
	at net.minecraft.util.GsonHelper.m_13845_(GsonHelper.java:481) ~[server-1.20.1-20230612.114412-srg.jar%23710!/:?]
	at net.minecraft.world.level.storage.loot.LootTable$Serializer.deserialize(LootTable.java:294) ~[server-1.20.1-20230612.114412-srg.jar%23710!/:?]
	at net.minecraft.world.level.storage.loot.LootTable$Serializer.deserialize(LootTable.java:291) ~[server-1.20.1-20230612.114412-srg.jar%23710!/:?]
	at com.google.gson.internal.bind.TreeTypeAdapter.read(TreeTypeAdapter.java:76) ~[gson-2.10.jar%2372!/:?]
	at com.google.gson.Gson.fromJson(Gson.java:1214) ~[gson-2.10.jar%2372!/:?]
	at com.google.gson.Gson.fromJson(Gson.java:1319) ~[gson-2.10.jar%2372!/:?]
	at com.google.gson.Gson.fromJson(Gson.java:1261) ~[gson-2.10.jar%2372!/:?]
	at net.minecraftforge.common.ForgeHooks.loadLootTable(ForgeHooks.java:871) ~[forge-1.20.1-47.4.0-universal.jar%23715!/:?]
	at net.minecraftforge.common.ForgeHooks.lambda$getLootTableDeserializer$3(ForgeHooks.java:848) ~[forge-1.20.1-47.4.0-universal.jar%23715!/:?]
	at net.minecraft.world.level.storage.loot.LootDataType.deserialize(LootDataType.java:45) ~[server-1.20.1-20230612.114412-srg.jar%23710!/:?]
	at net.minecraft.world.level.storage.loot.LootDataManager.lambda$scheduleElementParse$4(LootDataManager.java:56) ~[server-1.20.1-20230612.114412-srg.jar%23710!/:?]
	at java.util.HashMap.forEach(HashMap.java:1421) ~[?:?]
	at net.minecraft.world.level.storage.loot.LootDataManager.m_278660_(LootDataManager.java:55) ~[server-1.20.1-20230612.114412-srg.jar%23710!/:?]
	at java.util.concurrent.CompletableFuture$AsyncRun.run(CompletableFuture.java:1804) ~[?:?]
	at java.util.concurrent.CompletableFuture$AsyncRun.exec(CompletableFuture.java:1796) ~[?:?]
	at java.util.concurrent.ForkJoinTask.doExec(ForkJoinTask.java:373) ~[?:?]
	at java.util.concurrent.ForkJoinPool$WorkQueue.topLevelExec(ForkJoinPool.java:1182) ~[?:?]
	at java.util.concurrent.ForkJoinPool.scan(ForkJoinPool.java:1655) ~[?:?]
	at java.util.concurrent.ForkJoinPool.runWorker(ForkJoinPool.java:1622) ~[?:?]
	at java.util.concurrent.ForkJoinWorkerThread.run(ForkJoinWorkerThread.java:165) ~[?:?]
[08Jul2025 02:52:20.938] [main/WARN] [net.minecraft.world.level.storage.loot.LootDataManager/]: Datapack tried to redefine minecraft:empty loot table, ignoring
[08Jul2025 02:52:21.051] [main/INFO] [placebo/]: Registered 37 additional loot tables.
[08Jul2025 02:52:21.150] [main/WARN] [AlmostUnified/]: Recipe count: 50959
[08Jul2025 02:52:21.669] [main/INFO] [com.cupboard.Cupboard/]: Loaded config for: connectivity.json
[08Jul2025 02:52:22.651] [main/WARN] [AlmostUnified/]: Recipe count afterwards: 50343 (done in 1.501 s)
[08Jul2025 02:52:22.653] [main/INFO] [KubeJS Server/]: Processing recipes...
[08Jul2025 02:52:23.172] [main/INFO] [KubeJS Server/]: Found 42743 recipes in 517.5 ms
[08Jul2025 02:52:26.395] [main/INFO] [KubeJS Server/]: Posted recipe events in 3.223 s
[08Jul2025 02:52:26.514] [KubeJS Recipe Event Worker 0/INFO] [pneumaticcraft/]: ignoring heat properties for block natura:nether_heat_sand: mod not loaded
[08Jul2025 02:52:26.532] [KubeJS Recipe Event Worker 0/INFO] [forcecraft/]: Recipe loaded forcecraft:infuser/infuse_pack_upgrade2 -> PACK2 , {"item":"forcecraft:force_pack_upgrade"}
[08Jul2025 02:52:26.533] [KubeJS Recipe Event Worker 0/INFO] [forcecraft/]: Recipe loaded forcecraft:infuser/infuse_pack_upgrade1 -> PACK1 , {"item":"forcecraft:force_pack_upgrade"}
[08Jul2025 02:52:26.533] [KubeJS Recipe Event Worker 0/INFO] [forcecraft/]: Recipe loaded forcecraft:infuser/infuse_pack_upgrade4 -> PACK4 , {"item":"forcecraft:force_pack_upgrade"}
[08Jul2025 02:52:26.534] [KubeJS Recipe Event Worker 0/INFO] [forcecraft/]: Recipe loaded forcecraft:infuser/infuse_pack_upgrade3 -> PACK3 , {"item":"forcecraft:force_pack_upgrade"}
[08Jul2025 02:52:26.545] [KubeJS Recipe Event Worker 0/INFO] [pneumaticcraft/]: ignoring heat properties for block valhelsia_structures:brazier: mod not loaded
[08Jul2025 02:52:26.586] [KubeJS Recipe Event Worker 0/WARN] [com.simibubi.create.Create/]: Your custom createaddition:rolling/steel_ingot recipe (createaddition:rolling/steel_ingot) specified a duration. Durations have no impact on this type of recipe.
[08Jul2025 02:52:26.600] [KubeJS Recipe Event Worker 0/INFO] [forcecraft/]: Recipe loaded forcecraft:infuser/infuse_ender -> ENDER , {"tag":"forcecraft:ender"}
[08Jul2025 02:52:26.612] [KubeJS Recipe Event Worker 0/INFO] [forcecraft/]: Recipe loaded forcecraft:infuser/infuse_rainbow -> RAINBOW , {"item":"minecraft:blue_dye"}
[08Jul2025 02:52:26.612] [KubeJS Recipe Event Worker 0/INFO] [pneumaticcraft/]: ignoring heat properties for block byg:boric_campfire: mod not loaded
[08Jul2025 02:52:26.633] [KubeJS Recipe Event Worker 0/WARN] [KubeJS Server/]: Error parsing recipe thermal:furnace/allthecompressed/stone/deepslate/9x[thermal:furnace]: {"type":"thermal:furnace","ingredient":{"item":"allthecompressed:cobbled_deepslate_block_9x","count":1},"result":{"item":"allthecompressed:deepslate_block_9x"},"energy":2400000,"conditions":[{"type":"forge:and","values":[{"type":"forge:not","value":{"type":"forge:mod_loaded","modid":"compressium"}},{"type":"forge:mod_loaded","modid":"thermal"}]}]}: Invalid Thermal Series recipe: thermal:furnace/allthecompressed/stone/deepslate/9x
Refer to the recipe's ResourceLocation to find the mod responsible and let them know!
[08Jul2025 02:52:26.652] [KubeJS Recipe Event Worker 0/WARN] [KubeJS Server/]: Error parsing recipe thermal:furnace/allthecompressed/stone/deepslate/1x[thermal:furnace]: {"type":"thermal:furnace","ingredient":{"item":"allthecompressed:cobbled_deepslate_block_1x","count":1},"result":{"item":"allthecompressed:deepslate_block_1x"},"energy":240000,"conditions":[{"type":"forge:and","values":[{"type":"forge:not","value":{"type":"forge:mod_loaded","modid":"compressium"}},{"type":"forge:mod_loaded","modid":"thermal"}]}]}: Invalid Thermal Series recipe: thermal:furnace/allthecompressed/stone/deepslate/1x
Refer to the recipe's ResourceLocation to find the mod responsible and let them know!
[08Jul2025 02:52:26.654] [KubeJS Recipe Event Worker 0/WARN] [KubeJS Server/]: Error parsing recipe thermal:furnace/allthecompressed/stone/deepslate/2x[thermal:furnace]: {"type":"thermal:furnace","ingredient":{"item":"allthecompressed:cobbled_deepslate_block_2x","count":1},"result":{"item":"allthecompressed:deepslate_block_2x"},"energy":480000,"conditions":[{"type":"forge:and","values":[{"type":"forge:not","value":{"type":"forge:mod_loaded","modid":"compressium"}},{"type":"forge:mod_loaded","modid":"thermal"}]}]}: Invalid Thermal Series recipe: thermal:furnace/allthecompressed/stone/deepslate/2x
Refer to the recipe's ResourceLocation to find the mod responsible and let them know!
[08Jul2025 02:52:26.655] [KubeJS Recipe Event Worker 0/INFO] [forcecraft/]: Recipe loaded forcecraft:infuser/infuse_freezing -> FREEZING , {"item":"forcecraft:snow_cookie"}
[08Jul2025 02:52:26.656] [KubeJS Recipe Event Worker 0/WARN] [KubeJS Server/]: Error parsing recipe thermal:furnace/allthecompressed/stone/deepslate/3x[thermal:furnace]: {"type":"thermal:furnace","ingredient":{"item":"allthecompressed:cobbled_deepslate_block_3x","count":1},"result":{"item":"allthecompressed:deepslate_block_3x"},"energy":720000,"conditions":[{"type":"forge:and","values":[{"type":"forge:not","value":{"type":"forge:mod_loaded","modid":"compressium"}},{"type":"forge:mod_loaded","modid":"thermal"}]}]}: Invalid Thermal Series recipe: thermal:furnace/allthecompressed/stone/deepslate/3x
Refer to the recipe's ResourceLocation to find the mod responsible and let them know!
[08Jul2025 02:52:26.658] [KubeJS Recipe Event Worker 0/WARN] [KubeJS Server/]: Error parsing recipe thermal:furnace/allthecompressed/stone/deepslate/5x[thermal:furnace]: {"type":"thermal:furnace","ingredient":{"item":"allthecompressed:cobbled_deepslate_block_5x","count":1},"result":{"item":"allthecompressed:deepslate_block_5x"},"energy":1200000,"conditions":[{"type":"forge:and","values":[{"type":"forge:not","value":{"type":"forge:mod_loaded","modid":"compressium"}},{"type":"forge:mod_loaded","modid":"thermal"}]}]}: Invalid Thermal Series recipe: thermal:furnace/allthecompressed/stone/deepslate/5x
Refer to the recipe's ResourceLocation to find the mod responsible and let them know!
[08Jul2025 02:52:26.659] [KubeJS Recipe Event Worker 0/WARN] [KubeJS Server/]: Error parsing recipe thermal:furnace/allthecompressed/stone/deepslate/4x[thermal:furnace]: {"type":"thermal:furnace","ingredient":{"item":"allthecompressed:cobbled_deepslate_block_4x","count":1},"result":{"item":"allthecompressed:deepslate_block_4x"},"energy":960000,"conditions":[{"type":"forge:and","values":[{"type":"forge:not","value":{"type":"forge:mod_loaded","modid":"compressium"}},{"type":"forge:mod_loaded","modid":"thermal"}]}]}: Invalid Thermal Series recipe: thermal:furnace/allthecompressed/stone/deepslate/4x
Refer to the recipe's ResourceLocation to find the mod responsible and let them know!
[08Jul2025 02:52:26.660] [KubeJS Recipe Event Worker 0/WARN] [KubeJS Server/]: Error parsing recipe thermal:furnace/allthecompressed/stone/deepslate/6x[thermal:furnace]: {"type":"thermal:furnace","ingredient":{"item":"allthecompressed:cobbled_deepslate_block_6x","count":1},"result":{"item":"allthecompressed:deepslate_block_6x"},"energy":1440000,"conditions":[{"type":"forge:and","values":[{"type":"forge:not","value":{"type":"forge:mod_loaded","modid":"compressium"}},{"type":"forge:mod_loaded","modid":"thermal"}]}]}: Invalid Thermal Series recipe: thermal:furnace/allthecompressed/stone/deepslate/6x
Refer to the recipe's ResourceLocation to find the mod responsible and let them know!
[08Jul2025 02:52:26.662] [KubeJS Recipe Event Worker 0/WARN] [KubeJS Server/]: Error parsing recipe thermal:furnace/allthecompressed/stone/deepslate/7x[thermal:furnace]: {"type":"thermal:furnace","ingredient":{"item":"allthecompressed:cobbled_deepslate_block_7x","count":1},"result":{"item":"allthecompressed:deepslate_block_7x"},"energy":1680000,"conditions":[{"type":"forge:and","values":[{"type":"forge:not","value":{"type":"forge:mod_loaded","modid":"compressium"}},{"type":"forge:mod_loaded","modid":"thermal"}]}]}: Invalid Thermal Series recipe: thermal:furnace/allthecompressed/stone/deepslate/7x
Refer to the recipe's ResourceLocation to find the mod responsible and let them know!
[08Jul2025 02:52:26.664] [KubeJS Recipe Event Worker 0/WARN] [KubeJS Server/]: Error parsing recipe thermal:furnace/allthecompressed/stone/deepslate/8x[thermal:furnace]: {"type":"thermal:furnace","ingredient":{"item":"allthecompressed:cobbled_deepslate_block_8x","count":1},"result":{"item":"allthecompressed:deepslate_block_8x"},"energy":2160000,"conditions":[{"type":"forge:and","values":[{"type":"forge:not","value":{"type":"forge:mod_loaded","modid":"compressium"}},{"type":"forge:mod_loaded","modid":"thermal"}]}]}: Invalid Thermal Series recipe: thermal:furnace/allthecompressed/stone/deepslate/8x
Refer to the recipe's ResourceLocation to find the mod responsible and let them know!
[08Jul2025 02:52:26.674] [KubeJS Recipe Event Worker 0/INFO] [forcecraft/]: Recipe loaded forcecraft:infuser/infuse_sturdy -> STURDY , {"item":"minecraft:obsidian"}
[08Jul2025 02:52:26.679] [KubeJS Recipe Event Worker 0/WARN] [com.simibubi.create.Create/]: Your custom createaddition:rolling/electrum_plate recipe (createaddition:rolling/electrum_plate) specified a duration. Durations have no impact on this type of recipe.
[08Jul2025 02:52:26.679] [KubeJS Recipe Event Worker 0/WARN] [com.simibubi.create.Create/]: Your custom createaddition:rolling/straw recipe (createaddition:rolling/straw) specified a duration. Durations have no impact on this type of recipe.
[08Jul2025 02:52:26.682] [KubeJS Recipe Event Worker 0/WARN] [com.simibubi.create.Create/]: Your custom createaddition:rolling/aluminum_ingot recipe (createaddition:rolling/aluminum_ingot) specified a duration. Durations have no impact on this type of recipe.
[08Jul2025 02:52:26.700] [KubeJS Recipe Event Worker 0/WARN] [com.simibubi.create.Create/]: Your custom createaddition:rolling/iron_ingot recipe (createaddition:rolling/iron_ingot) specified a duration. Durations have no impact on this type of recipe.
[08Jul2025 02:52:26.722] [KubeJS Recipe Event Worker 0/INFO] [forcecraft/]: Recipe loaded forcecraft:infuser/infuse_light -> LIGHT , {"item":"minecraft:glowstone"}
[08Jul2025 02:52:26.733] [KubeJS Recipe Event Worker 0/INFO] [forcecraft/]: Recipe loaded forcecraft:infuser/infuse_bleeding -> BLEEDING , {"item":"minecraft:arrow"}
[08Jul2025 02:52:26.735] [KubeJS Recipe Event Worker 0/INFO] [pneumaticcraft/]: ignoring heat properties for block betterendforge:ancient_emerald_ice: mod not loaded
[08Jul2025 02:52:26.745] [KubeJS Recipe Event Worker 0/INFO] [exdeorum/]: Skipping recipe exdeorum:ores/boron_tag as ExDeorum could not determine substitute for tag forge:ores/boron
[08Jul2025 02:52:26.750] [KubeJS Recipe Event Worker 0/INFO] [forcecraft/]: Recipe loaded forcecraft:infuser/infuse_camo -> CAMO , {"type":"forge:partial_nbt","item":"minecraft:potion","nbt":"{Potion:\"minecraft:invisibility\"}"}
[08Jul2025 02:52:26.752] [KubeJS Recipe Event Worker 0/INFO] [pneumaticcraft/]: ignoring heat properties for block betterendforge:emerald_ice: mod not loaded
[08Jul2025 02:52:26.755] [KubeJS Recipe Event Worker 0/INFO] [pneumaticcraft/]: ignoring heat properties for block betterendforge:dense_emerald_ice: mod not loaded
[08Jul2025 02:52:26.767] [KubeJS Recipe Event Worker 0/WARN] [com.simibubi.create.Create/]: Your custom createaddition:rolling/iron_plate recipe (createaddition:rolling/iron_plate) specified a duration. Durations have no impact on this type of recipe.
[08Jul2025 02:52:26.796] [KubeJS Recipe Event Worker 0/WARN] [com.simibubi.create.Create/]: Your custom createaddition:rolling/gold_ingot recipe (createaddition:rolling/gold_ingot) specified a duration. Durations have no impact on this type of recipe.
[08Jul2025 02:52:26.804] [KubeJS Recipe Event Worker 0/INFO] [pneumaticcraft/]: ignoring heat properties for block decorative_blocks:brazier: mod not loaded
[08Jul2025 02:52:26.820] [KubeJS Recipe Event Worker 0/INFO] [forcecraft/]: Recipe loaded forcecraft:infuser/infuse_treasure -> TREASURE , {"item":"forcecraft:treasure_core"}
[08Jul2025 02:52:26.827] [KubeJS Recipe Event Worker 0/INFO] [forcecraft/]: Recipe loaded forcecraft:infuser/infuse_damage -> DAMAGE , {"item":"forcecraft:claw"}
[08Jul2025 02:52:26.835] [KubeJS Recipe Event Worker 0/WARN] [com.simibubi.create.Create/]: Your custom createaddition:rolling/copper_plate recipe (createaddition:rolling/copper_plate) specified a duration. Durations have no impact on this type of recipe.
[08Jul2025 02:52:26.840] [KubeJS Recipe Event Worker 0/INFO] [forcecraft/]: Recipe loaded forcecraft:infuser/convert_heat -> ITEM , {"item":"forcecraft:golden_power_source"}
[08Jul2025 02:52:26.848] [KubeJS Recipe Event Worker 0/INFO] [pneumaticcraft/]: ignoring heat properties for block quark:permafrost: mod not loaded
[08Jul2025 02:52:26.852] [KubeJS Recipe Event Worker 0/WARN] [com.simibubi.create.Create/]: Your custom createaddition:rolling/gold_plate recipe (createaddition:rolling/gold_plate) specified a duration. Durations have no impact on this type of recipe.
[08Jul2025 02:52:26.856] [KubeJS Recipe Event Worker 0/INFO] [pneumaticcraft/]: ignoring heat properties for block byg:cryptic_magma_block: mod not loaded
[08Jul2025 02:52:26.875] [KubeJS Recipe Event Worker 0/INFO] [exdeorum/]: Skipping recipe exdeorum:ores/thorium_tag as ExDeorum could not determine substitute for tag forge:ores/thorium
[08Jul2025 02:52:26.881] [KubeJS Recipe Event Worker 0/INFO] [pneumaticcraft/]: ignoring heat properties for block quark:blaze_lantern: mod not loaded
[08Jul2025 02:52:26.897] [KubeJS Recipe Event Worker 0/INFO] [forcecraft/]: Recipe loaded forcecraft:infuser/convert_grinding -> ITEM , {"item":"minecraft:flint"}
[08Jul2025 02:52:26.901] [KubeJS Recipe Event Worker 0/WARN] [com.simibubi.create.Create/]: Your custom createaddition:rolling/copper_ingot recipe (createaddition:rolling/copper_ingot) specified a duration. Durations have no impact on this type of recipe.
[08Jul2025 02:52:26.934] [KubeJS Recipe Event Worker 0/INFO] [forcecraft/]: Recipe loaded forcecraft:infuser/infuse_speed -> SPEED , {"item":"minecraft:sugar"}
[08Jul2025 02:52:26.937] [KubeJS Recipe Event Worker 0/WARN] [KubeJS Server/]: Error parsing recipe thermal:furnace/allthecompressed/terracotta/1x[thermal:furnace]: {"type":"thermal:furnace","ingredient":{"item":"allthecompressed:clay_block_1x","count":1},"result":{"item":"allthecompressed:terracotta_block_1x"},"energy":240000,"conditions":[{"type":"forge:and","values":[{"type":"forge:not","value":{"type":"forge:mod_loaded","modid":"compressium"}},{"type":"forge:mod_loaded","modid":"thermal"}]}]}: Invalid Thermal Series recipe: thermal:furnace/allthecompressed/terracotta/1x
Refer to the recipe's ResourceLocation to find the mod responsible and let them know!
[08Jul2025 02:52:26.938] [KubeJS Recipe Event Worker 0/WARN] [KubeJS Server/]: Error parsing recipe thermal:furnace/allthecompressed/terracotta/2x[thermal:furnace]: {"type":"thermal:furnace","ingredient":{"item":"allthecompressed:clay_block_2x","count":1},"result":{"item":"allthecompressed:terracotta_block_2x"},"energy":480000,"conditions":[{"type":"forge:and","values":[{"type":"forge:not","value":{"type":"forge:mod_loaded","modid":"compressium"}},{"type":"forge:mod_loaded","modid":"thermal"}]}]}: Invalid Thermal Series recipe: thermal:furnace/allthecompressed/terracotta/2x
Refer to the recipe's ResourceLocation to find the mod responsible and let them know!
[08Jul2025 02:52:26.940] [KubeJS Recipe Event Worker 0/WARN] [KubeJS Server/]: Error parsing recipe thermal:furnace/allthecompressed/terracotta/5x[thermal:furnace]: {"type":"thermal:furnace","ingredient":{"item":"allthecompressed:clay_block_5x","count":1},"result":{"item":"allthecompressed:terracotta_block_5x"},"energy":1200000,"conditions":[{"type":"forge:and","values":[{"type":"forge:not","value":{"type":"forge:mod_loaded","modid":"compressium"}},{"type":"forge:mod_loaded","modid":"thermal"}]}]}: Invalid Thermal Series recipe: thermal:furnace/allthecompressed/terracotta/5x
Refer to the recipe's ResourceLocation to find the mod responsible and let them know!
[08Jul2025 02:52:26.941] [KubeJS Recipe Event Worker 0/WARN] [KubeJS Server/]: Error parsing recipe occultism:miner/ores/apatite[occultism:miner]: {"type":"occultism:miner","ingredient":{"tag":"occultism:miners/ores"},"result":{"item":"gtceu:apatite_ore"},"weight":400,"conditions":[{"type":"forge:not","value":{"type":"forge:tag_empty","tag":"forge:ores/apatite"}}]}: Unknown item 'gtceu:apatite_ore'
[08Jul2025 02:52:26.942] [KubeJS Recipe Event Worker 0/WARN] [KubeJS Server/]: Error parsing recipe thermal:furnace/allthecompressed/terracotta/6x[thermal:furnace]: {"type":"thermal:furnace","ingredient":{"item":"allthecompressed:clay_block_6x","count":1},"result":{"item":"allthecompressed:terracotta_block_6x"},"energy":1440000,"conditions":[{"type":"forge:and","values":[{"type":"forge:not","value":{"type":"forge:mod_loaded","modid":"compressium"}},{"type":"forge:mod_loaded","modid":"thermal"}]}]}: Invalid Thermal Series recipe: thermal:furnace/allthecompressed/terracotta/6x
Refer to the recipe's ResourceLocation to find the mod responsible and let them know!
[08Jul2025 02:52:26.943] [KubeJS Recipe Event Worker 0/WARN] [KubeJS Server/]: Error parsing recipe thermal:furnace/allthecompressed/terracotta/3x[thermal:furnace]: {"type":"thermal:furnace","ingredient":{"item":"allthecompressed:clay_block_3x","count":1},"result":{"item":"allthecompressed:terracotta_block_3x"},"energy":720000,"conditions":[{"type":"forge:and","values":[{"type":"forge:not","value":{"type":"forge:mod_loaded","modid":"compressium"}},{"type":"forge:mod_loaded","modid":"thermal"}]}]}: Invalid Thermal Series recipe: thermal:furnace/allthecompressed/terracotta/3x
Refer to the recipe's ResourceLocation to find the mod responsible and let them know!
[08Jul2025 02:52:26.944] [KubeJS Recipe Event Worker 0/WARN] [KubeJS Server/]: Error parsing recipe thermal:furnace/allthecompressed/terracotta/4x[thermal:furnace]: {"type":"thermal:furnace","ingredient":{"item":"allthecompressed:clay_block_4x","count":1},"result":{"item":"allthecompressed:terracotta_block_4x"},"energy":960000,"conditions":[{"type":"forge:and","values":[{"type":"forge:not","value":{"type":"forge:mod_loaded","modid":"compressium"}},{"type":"forge:mod_loaded","modid":"thermal"}]}]}: Invalid Thermal Series recipe: thermal:furnace/allthecompressed/terracotta/4x
Refer to the recipe's ResourceLocation to find the mod responsible and let them know!
[08Jul2025 02:52:26.946] [KubeJS Recipe Event Worker 0/WARN] [KubeJS Server/]: Error parsing recipe thermal:furnace/allthecompressed/terracotta/9x[thermal:furnace]: {"type":"thermal:furnace","ingredient":{"item":"allthecompressed:clay_block_9x","count":1},"result":{"item":"allthecompressed:terracotta_block_9x"},"energy":2400000,"conditions":[{"type":"forge:and","values":[{"type":"forge:not","value":{"type":"forge:mod_loaded","modid":"compressium"}},{"type":"forge:mod_loaded","modid":"thermal"}]}]}: Invalid Thermal Series recipe: thermal:furnace/allthecompressed/terracotta/9x
Refer to the recipe's ResourceLocation to find the mod responsible and let them know!
[08Jul2025 02:52:26.948] [KubeJS Recipe Event Worker 0/WARN] [KubeJS Server/]: Error parsing recipe thermal:furnace/allthecompressed/terracotta/7x[thermal:furnace]: {"type":"thermal:furnace","ingredient":{"item":"allthecompressed:clay_block_7x","count":1},"result":{"item":"allthecompressed:terracotta_block_7x"},"energy":1680000,"conditions":[{"type":"forge:and","values":[{"type":"forge:not","value":{"type":"forge:mod_loaded","modid":"compressium"}},{"type":"forge:mod_loaded","modid":"thermal"}]}]}: Invalid Thermal Series recipe: thermal:furnace/allthecompressed/terracotta/7x
Refer to the recipe's ResourceLocation to find the mod responsible and let them know!
[08Jul2025 02:52:26.949] [KubeJS Recipe Event Worker 0/WARN] [KubeJS Server/]: Error parsing recipe thermal:furnace/allthecompressed/terracotta/8x[thermal:furnace]: {"type":"thermal:furnace","ingredient":{"item":"allthecompressed:clay_block_8x","count":1},"result":{"item":"allthecompressed:terracotta_block_8x"},"energy":2160000,"conditions":[{"type":"forge:and","values":[{"type":"forge:not","value":{"type":"forge:mod_loaded","modid":"compressium"}},{"type":"forge:mod_loaded","modid":"thermal"}]}]}: Invalid Thermal Series recipe: thermal:furnace/allthecompressed/terracotta/8x
Refer to the recipe's ResourceLocation to find the mod responsible and let them know!
[08Jul2025 02:52:26.952] [KubeJS Recipe Event Worker 0/INFO] [forcecraft/]: Recipe loaded forcecraft:infuser/infuse_wing -> WING , {"item":"minecraft:feather"}
[08Jul2025 02:52:26.953] [KubeJS Recipe Event Worker 0/INFO] [forcecraft/]: Recipe loaded forcecraft:infuser/convert_xp_book -> ITEM , {"item":"minecraft:experience_bottle"}
[08Jul2025 02:52:26.973] [KubeJS Recipe Event Worker 0/INFO] [exdeorum/]: Skipping recipe exdeorum:ores/lithium_tag as ExDeorum could not determine substitute for tag forge:ores/lithium
[08Jul2025 02:52:26.975] [KubeJS Recipe Event Worker 0/INFO] [pneumaticcraft/]: ignoring heat properties for block decorative_blocks:soul_brazier: mod not loaded
[08Jul2025 02:52:27.011] [KubeJS Recipe Event Worker 0/INFO] [forcecraft/]: Recipe loaded forcecraft:infuser/convert_xp -> ITEM , {"item":"minecraft:experience_bottle"}
[08Jul2025 02:52:27.022] [KubeJS Recipe Event Worker 0/INFO] [exdeorum/]: Skipping recipe exdeorum:ores/cobalt_tag as ExDeorum could not determine substitute for tag forge:ores/cobalt
[08Jul2025 02:52:27.045] [KubeJS Recipe Event Worker 0/INFO] [forcecraft/]: Recipe loaded forcecraft:infuser/infuse_silk -> SILK , {"item":"minecraft:cobweb"}
[08Jul2025 02:52:27.059] [KubeJS Recipe Event Worker 0/INFO] [forcecraft/]: Recipe loaded forcecraft:infuser/infuse_bane -> BANE , {"item":"minecraft:spider_eye"}
[08Jul2025 02:52:27.060] [KubeJS Recipe Event Worker 0/WARN] [com.simibubi.create.Create/]: Your custom createaddition:rolling/electrum_ingot recipe (createaddition:rolling/electrum_ingot) specified a duration. Durations have no impact on this type of recipe.
[08Jul2025 02:52:27.063] [KubeJS Recipe Event Worker 0/INFO] [forcecraft/]: Recipe loaded forcecraft:infuser/convert_freezing -> ITEM , {"item":"forcecraft:snow_cookie"}
[08Jul2025 02:52:27.069] [KubeJS Recipe Event Worker 0/INFO] [pneumaticcraft/]: ignoring heat properties for block byg:magmatic_stone: mod not loaded
[08Jul2025 02:52:27.070] [KubeJS Recipe Event Worker 0/INFO] [forcecraft/]: Recipe loaded forcecraft:infuser/infuse_lumberjack -> LUMBERJACK , {"item":"forcecraft:force_log"}
[08Jul2025 02:52:27.118] [KubeJS Recipe Event Worker 0/INFO] [forcecraft/]: Recipe loaded forcecraft:infuser/convert_speed -> ITEM , {"item":"minecraft:sugar"}
[08Jul2025 02:52:27.142] [KubeJS Recipe Event Worker 0/INFO] [forcecraft/]: Recipe loaded forcecraft:infuser/infuse_fortune -> FORTUNE , {"tag":"forcecraft:fortune"}
[08Jul2025 02:52:27.149] [KubeJS Recipe Event Worker 0/INFO] [pneumaticcraft/]: ignoring heat properties for block byg:cryptic_campfire: mod not loaded
[08Jul2025 02:52:27.158] [KubeJS Recipe Event Worker 0/INFO] [forcecraft/]: Recipe loaded forcecraft:infuser/infuse_healing -> HEALING , {"item":"minecraft:ghast_tear"}
[08Jul2025 02:52:27.219] [KubeJS Recipe Event Worker 0/WARN] [com.simibubi.create.Create/]: Your custom createaddition:rolling/steel_plate recipe (createaddition:rolling/steel_plate) specified a duration. Durations have no impact on this type of recipe.
[08Jul2025 02:52:27.227] [KubeJS Recipe Event Worker 0/INFO] [forcecraft/]: Recipe loaded forcecraft:infuser/convert_time_torch -> ITEM , {"item":"minecraft:clock"}
[08Jul2025 02:52:27.259] [KubeJS Recipe Event Worker 0/WARN] [com.simibubi.create.Create/]: Your custom createaddition:rolling/lead_plate recipe (createaddition:rolling/lead_plate) specified a duration. Durations have no impact on this type of recipe.
[08Jul2025 02:52:27.259] [KubeJS Recipe Event Worker 0/WARN] [com.simibubi.create.Create/]: Your custom createaddition:rolling/aluminum_plate recipe (createaddition:rolling/aluminum_plate) specified a duration. Durations have no impact on this type of recipe.
[08Jul2025 02:52:27.275] [KubeJS Recipe Event Worker 0/INFO] [forcecraft/]: Recipe loaded forcecraft:infuser/infuse_knockback -> FORCE , {"tag":"forge:nuggets/force"}
[08Jul2025 02:52:27.300] [KubeJS Recipe Event Worker 0/INFO] [exdeorum/]: Skipping recipe exdeorum:ores/magnesium_tag as ExDeorum could not determine substitute for tag forge:ores/magnesium
[08Jul2025 02:52:27.311] [KubeJS Recipe Event Worker 0/INFO] [forcecraft/]: Recipe loaded forcecraft:infuser/infuse_heat -> HEAT , {"item":"forcecraft:golden_power_source"}
[08Jul2025 02:52:27.341] [KubeJS Recipe Event Worker 0/WARN] [KubeJS Server/]: Error parsing recipe forbidden_arcanus:aurum_chest_boat[minecraft:crafting_shapeless]: {"type":"minecraft:crafting_shapeless","category":"misc","ingredients":[{"item":"forbidden_arcanus:aurum_boat"},{"fabric_value":{"tag":"c:chests"},"forge_value":{"tag":"forge:chests/wooden"}}],"result":{"item":"forbidden_arcanus:aurum_chest_boat"}}: An ingredient entry needs either a tag or an item
[08Jul2025 02:52:27.348] [KubeJS Recipe Event Worker 0/WARN] [com.simibubi.create.Create/]: Your custom createaddition:rolling/brass_ingot recipe (createaddition:rolling/brass_ingot) specified a duration. Durations have no impact on this type of recipe.
[08Jul2025 02:52:27.350] [KubeJS Recipe Event Worker 0/WARN] [KubeJS Server/]: Error parsing recipe forbidden_arcanus:edelwood_chest_boat[minecraft:crafting_shapeless]: {"type":"minecraft:crafting_shapeless","category":"misc","ingredients":[{"item":"forbidden_arcanus:edelwood_boat"},{"fabric_value":{"tag":"c:chests"},"forge_value":{"tag":"forge:chests/wooden"}}],"result":{"item":"forbidden_arcanus:edelwood_chest_boat"}}: An ingredient entry needs either a tag or an item
[08Jul2025 02:52:27.408] [KubeJS Recipe Event Worker 0/WARN] [com.simibubi.create.Create/]: Your custom kubejs:createaddition/rolling/netherite_ingot recipe (kubejs:createaddition/rolling/netherite_ingot) specified a duration. Durations have no impact on this type of recipe.
[08Jul2025 02:52:27.409] [KubeJS Recipe Event Worker 0/WARN] [com.simibubi.create.Create/]: Your custom kubejs:createaddition/rolling/constantan_ingot recipe (kubejs:createaddition/rolling/constantan_ingot) specified a duration. Durations have no impact on this type of recipe.
[08Jul2025 02:52:27.409] [KubeJS Recipe Event Worker 0/WARN] [com.simibubi.create.Create/]: Your custom kubejs:createaddition/rolling/iridium_ingot recipe (kubejs:createaddition/rolling/iridium_ingot) specified a duration. Durations have no impact on this type of recipe.
[08Jul2025 02:52:27.409] [KubeJS Recipe Event Worker 0/WARN] [com.simibubi.create.Create/]: Your custom kubejs:createaddition/rolling/invar_ingot recipe (kubejs:createaddition/rolling/invar_ingot) specified a duration. Durations have no impact on this type of recipe.
[08Jul2025 02:52:27.409] [KubeJS Recipe Event Worker 0/WARN] [com.simibubi.create.Create/]: Your custom kubejs:createaddition/rolling/emerald_ingot recipe (kubejs:createaddition/rolling/emerald_ingot) specified a duration. Durations have no impact on this type of recipe.
[08Jul2025 02:52:27.409] [KubeJS Recipe Event Worker 0/WARN] [com.simibubi.create.Create/]: Your custom kubejs:createaddition/rolling/lumium_ingot recipe (kubejs:createaddition/rolling/lumium_ingot) specified a duration. Durations have no impact on this type of recipe.
[08Jul2025 02:52:27.409] [KubeJS Recipe Event Worker 0/WARN] [com.simibubi.create.Create/]: Your custom kubejs:createaddition/rolling/zinc_ingot recipe (kubejs:createaddition/rolling/zinc_ingot) specified a duration. Durations have no impact on this type of recipe.
[08Jul2025 02:52:27.409] [KubeJS Recipe Event Worker 0/WARN] [com.simibubi.create.Create/]: Your custom kubejs:createaddition/rolling/uranium_ingot recipe (kubejs:createaddition/rolling/uranium_ingot) specified a duration. Durations have no impact on this type of recipe.
[08Jul2025 02:52:27.409] [KubeJS Recipe Event Worker 0/WARN] [com.simibubi.create.Create/]: Your custom kubejs:createaddition/rolling/platinum_ingot recipe (kubejs:createaddition/rolling/platinum_ingot) specified a duration. Durations have no impact on this type of recipe.
[08Jul2025 02:52:27.409] [KubeJS Recipe Event Worker 0/WARN] [com.simibubi.create.Create/]: Your custom kubejs:createaddition/rolling/silver_ingot recipe (kubejs:createaddition/rolling/silver_ingot) specified a duration. Durations have no impact on this type of recipe.
[08Jul2025 02:52:27.410] [KubeJS Recipe Event Worker 0/WARN] [com.simibubi.create.Create/]: Your custom kubejs:createaddition/rolling/signalum_ingot recipe (kubejs:createaddition/rolling/signalum_ingot) specified a duration. Durations have no impact on this type of recipe.
[08Jul2025 02:52:27.410] [KubeJS Recipe Event Worker 0/WARN] [com.simibubi.create.Create/]: Your custom kubejs:createaddition/rolling/bronze_ingot recipe (kubejs:createaddition/rolling/bronze_ingot) specified a duration. Durations have no impact on this type of recipe.
[08Jul2025 02:52:27.410] [KubeJS Recipe Event Worker 0/WARN] [com.simibubi.create.Create/]: Your custom kubejs:createaddition/rolling/tin_ingot recipe (kubejs:createaddition/rolling/tin_ingot) specified a duration. Durations have no impact on this type of recipe.
[08Jul2025 02:52:27.410] [KubeJS Recipe Event Worker 0/WARN] [com.simibubi.create.Create/]: Your custom kubejs:createaddition/rolling/nickel_ingot recipe (kubejs:createaddition/rolling/nickel_ingot) specified a duration. Durations have no impact on this type of recipe.
[08Jul2025 02:52:27.410] [KubeJS Recipe Event Worker 0/WARN] [com.simibubi.create.Create/]: Your custom kubejs:createaddition/rolling/diamond_ingot recipe (kubejs:createaddition/rolling/diamond_ingot) specified a duration. Durations have no impact on this type of recipe.
[08Jul2025 02:52:27.410] [KubeJS Recipe Event Worker 0/WARN] [com.simibubi.create.Create/]: Your custom kubejs:createaddition/rolling/osmium_ingot recipe (kubejs:createaddition/rolling/osmium_ingot) specified a duration. Durations have no impact on this type of recipe.
[08Jul2025 02:52:27.410] [KubeJS Recipe Event Worker 0/WARN] [com.simibubi.create.Create/]: Your custom kubejs:createaddition/rolling/enderium_ingot recipe (kubejs:createaddition/rolling/enderium_ingot) specified a duration. Durations have no impact on this type of recipe.
[08Jul2025 02:52:27.410] [KubeJS Recipe Event Worker 0/WARN] [com.simibubi.create.Create/]: Your custom kubejs:createaddition/rolling/lead_ingot recipe (kubejs:createaddition/rolling/lead_ingot) specified a duration. Durations have no impact on this type of recipe.
[08Jul2025 02:52:27.421] [KubeJS Recipe Event Worker 0/ERROR] [exdeorum/]: Invalid block_predicate for recipe allthemods:exdeorum/heat_source/heat_frame, refer to Ex Deorum documentation for syntax: {"block":"pneumaticcraft:heat_frame"}
[08Jul2025 02:52:27.431] [main/INFO] [Iron Jetpacks/]: Loaded 14 jetpack type(s) in 3 ms
[08Jul2025 02:52:27.435] [main/INFO] [Cucumber Library/]: Registered 64 recipes in 6 ms (KubeJS mode)
[08Jul2025 02:52:27.472] [main/INFO] [KubeJS Server/]: Added 1078 recipes, removed 212 recipes, modified 10 recipes, with 21 failed recipes in 1.074 s
[08Jul2025 02:52:27.473] [main/INFO] [ModernFix/]: Clearing KubeJS recipe lists...
[08Jul2025 02:52:27.914] [main/INFO] [net.minecraft.advancements.AdvancementList/]: Loaded 19519 advancements
[08Jul2025 02:52:27.945] [main/INFO] [placebo/]: Registered 26 additional recipes.
[08Jul2025 02:52:27.978] [main/INFO] [top.theillusivec4.curios.Curios/]: Loaded 19 curio slots
[08Jul2025 02:52:27.985] [main/INFO] [top.theillusivec4.curios.Curios/]: Loaded 1 curio entities
[08Jul2025 02:52:28.028] [main/INFO] [rechiseled/]: Loaded 79 chiseling recipes
[08Jul2025 02:52:28.041] [main/INFO] [Silent Gear/TraitManager]: Reloading trait files
[08Jul2025 02:52:28.042] [main/INFO] [Silent Gear/]: Deserializing trait silentgear:accelerate in pack silent-gear-1.20.1-3.6.6.jar
[08Jul2025 02:52:28.044] [main/INFO] [Silent Gear/TraitManager]: Registered condition serializer 'silentgear:not'
[08Jul2025 02:52:28.045] [main/INFO] [Silent Gear/TraitManager]: Registered condition serializer 'silentgear:and'
[08Jul2025 02:52:28.046] [main/INFO] [Silent Gear/TraitManager]: Registered condition serializer 'silentgear:or'
[08Jul2025 02:52:28.046] [main/INFO] [Silent Gear/TraitManager]: Registered condition serializer 'silentgear:gear_type'
[08Jul2025 02:52:28.047] [main/INFO] [Silent Gear/TraitManager]: Registered condition serializer 'silentgear:material_count'
[08Jul2025 02:52:28.048] [main/INFO] [Silent Gear/TraitManager]: Registered condition serializer 'silentgear:material_ratio'
[08Jul2025 02:52:28.048] [main/INFO] [Silent Gear/TraitManager]: Registered serializer 'silentgear:simple_trait'
[08Jul2025 02:52:28.049] [main/INFO] [Silent Gear/TraitManager]: Registered serializer 'silentgear:damage_type'
[08Jul2025 02:52:28.050] [main/INFO] [Silent Gear/TraitManager]: Registered serializer 'silentgear:durability'
[08Jul2025 02:52:28.052] [main/INFO] [Silent Gear/TraitManager]: Registered serializer 'silentgear:enchantment'
[08Jul2025 02:52:28.054] [main/INFO] [Silent Gear/TraitManager]: Registered serializer 'silentgear:nbt'
[08Jul2025 02:52:28.055] [main/INFO] [Silent Gear/TraitManager]: Registered serializer 'silentgear:wielder_effect'
[08Jul2025 02:52:28.057] [main/INFO] [Silent Gear/TraitManager]: Registered serializer 'silentgear:stat_modifier'
[08Jul2025 02:52:28.058] [main/INFO] [Silent Gear/TraitManager]: Registered serializer 'silentgear:attribute'
[08Jul2025 02:52:28.059] [main/INFO] [Silent Gear/TraitManager]: Registered serializer 'silentgear:block_placer'
[08Jul2025 02:52:28.061] [main/INFO] [Silent Gear/TraitManager]: Registered serializer 'silentgear:block_filler'
[08Jul2025 02:52:28.063] [main/INFO] [Silent Gear/TraitManager]: Registered serializer 'silentgear:synergy'
[08Jul2025 02:52:28.064] [main/INFO] [Silent Gear/TraitManager]: Registered serializer 'silentgear:target_effect'
[08Jul2025 02:52:28.065] [main/INFO] [Silent Gear/TraitManager]: Registered serializer 'silentgear:bonus_drops'
[08Jul2025 02:52:28.066] [main/INFO] [Silent Gear/TraitManager]: Registered serializer 'silentgear:cancel_effects'
[08Jul2025 02:52:28.067] [main/INFO] [Silent Gear/TraitManager]: Registered serializer 'silentgear:self_repair'
[08Jul2025 02:52:28.068] [main/INFO] [Silent Gear/TraitManager]: Registered serializer 'silentgear:stellar'
[08Jul2025 02:52:28.068] [main/INFO] [Silent Gear/TraitManager]: Registered serializer 'silentgear:block_mining_speed'
[08Jul2025 02:52:28.069] [main/INFO] [Silent Gear/]: Deserializing trait silentgear:adamant in pack silent-gear-1.20.1-3.6.6.jar
[08Jul2025 02:52:28.071] [main/INFO] [Silent Gear/]: Deserializing trait silentgear:ancient in pack silent-gear-1.20.1-3.6.6.jar
[08Jul2025 02:52:28.071] [main/INFO] [Silent Gear/]: Deserializing trait silentgear:aquatic in pack silent-gear-1.20.1-3.6.6.jar
[08Jul2025 02:52:28.071] [main/INFO] [Silent Gear/]: Deserializing trait silentgear:bastion in pack silent-gear-1.20.1-3.6.6.jar
[08Jul2025 02:52:28.072] [main/INFO] [Silent Gear/]: Deserializing trait silentgear:bending in pack silent-gear-1.20.1-3.6.6.jar
[08Jul2025 02:52:28.073] [main/INFO] [Silent Gear/]: Deserializing trait silentgear:bounce in pack silent-gear-1.20.1-3.6.6.jar
[08Jul2025 02:52:28.073] [main/INFO] [Silent Gear/]: Deserializing trait silentgear:brilliant in pack silent-gear-1.20.1-3.6.6.jar
[08Jul2025 02:52:28.073] [main/INFO] [Silent Gear/]: Deserializing trait silentgear:brittle in pack silent-gear-1.20.1-3.6.6.jar
[08Jul2025 02:52:28.073] [main/INFO] [Silent Gear/]: Deserializing trait silentgear:bulky in pack silent-gear-1.20.1-3.6.6.jar
[08Jul2025 02:52:28.073] [main/INFO] [Silent Gear/]: Deserializing trait silentgear:chilled in pack silent-gear-1.20.1-3.6.6.jar
[08Jul2025 02:52:28.073] [main/INFO] [Silent Gear/]: Deserializing trait silentgear:chipping in pack silent-gear-1.20.1-3.6.6.jar
[08Jul2025 02:52:28.073] [main/INFO] [Silent Gear/]: Deserializing trait silentgear:confetti in pack silent-gear-1.20.1-3.6.6.jar
[08Jul2025 02:52:28.073] [main/INFO] [Silent Gear/]: Deserializing trait silentgear:crackler in pack silent-gear-1.20.1-3.6.6.jar
[08Jul2025 02:52:28.074] [main/INFO] [Silent Gear/]: Deserializing trait silentgear:crude in pack silent-gear-1.20.1-3.6.6.jar
[08Jul2025 02:52:28.074] [main/INFO] [Silent Gear/]: Deserializing trait silentgear:crushing in pack silent-gear-1.20.1-3.6.6.jar
[08Jul2025 02:52:28.074] [main/INFO] [Silent Gear/]: Deserializing trait silentgear:cure_poison in pack silent-gear-1.20.1-3.6.6.jar
[08Jul2025 02:52:28.074] [main/INFO] [Silent Gear/]: Deserializing trait silentgear:cure_wither in pack silent-gear-1.20.1-3.6.6.jar
[08Jul2025 02:52:28.074] [main/INFO] [Silent Gear/]: Deserializing trait silentgear:cursed in pack silent-gear-1.20.1-3.6.6.jar
[08Jul2025 02:52:28.075] [main/INFO] [Silent Gear/]: Deserializing trait silentgear:eroded in pack silent-gear-1.20.1-3.6.6.jar
[08Jul2025 02:52:28.075] [main/INFO] [Silent Gear/]: Deserializing trait silentgear:fiery in pack silent-gear-1.20.1-3.6.6.jar
[08Jul2025 02:52:28.075] [main/INFO] [Silent Gear/]: Deserializing trait silentgear:fireproof in pack silent-gear-1.20.1-3.6.6.jar
[08Jul2025 02:52:28.076] [main/INFO] [Silent Gear/]: Deserializing trait silentgear:flame_ward in pack silent-gear-1.20.1-3.6.6.jar
[08Jul2025 02:52:28.076] [main/INFO] [Silent Gear/]: Deserializing trait silentgear:flammable in pack silent-gear-1.20.1-3.6.6.jar
[08Jul2025 02:52:28.076] [main/INFO] [Silent Gear/]: Deserializing trait silentgear:flexible in pack silent-gear-1.20.1-3.6.6.jar
[08Jul2025 02:52:28.076] [main/INFO] [Silent Gear/]: Deserializing trait silentgear:floatstoner in pack silent-gear-1.20.1-3.6.6.jar
[08Jul2025 02:52:28.076] [main/INFO] [Silent Gear/]: Deserializing trait silentgear:gold_digger in pack silent-gear-1.20.1-3.6.6.jar
[08Jul2025 02:52:28.077] [main/INFO] [Silent Gear/]: Deserializing trait silentgear:greedy in pack silent-gear-1.20.1-3.6.6.jar
[08Jul2025 02:52:28.077] [main/INFO] [Silent Gear/]: Deserializing trait silentgear:hard in pack silent-gear-1.20.1-3.6.6.jar
[08Jul2025 02:52:28.077] [main/INFO] [Silent Gear/]: Deserializing trait silentgear:heavy in pack silent-gear-1.20.1-3.6.6.jar
[08Jul2025 02:52:28.077] [main/INFO] [Silent Gear/]: Deserializing trait silentgear:holy in pack silent-gear-1.20.1-3.6.6.jar
[08Jul2025 02:52:28.077] [main/INFO] [Silent Gear/]: Deserializing trait silentgear:ignite in pack silent-gear-1.20.1-3.6.6.jar
[08Jul2025 02:52:28.077] [main/INFO] [Silent Gear/]: Deserializing trait silentgear:imperial in pack silent-gear-1.20.1-3.6.6.jar
[08Jul2025 02:52:28.078] [main/INFO] [Silent Gear/]: Deserializing trait silentgear:indestructible in pack silent-gear-1.20.1-3.6.6.jar
[08Jul2025 02:52:28.078] [main/INFO] [Silent Gear/]: Deserializing trait silentgear:jabberwocky in pack silent-gear-1.20.1-3.6.6.jar
[08Jul2025 02:52:28.078] [main/INFO] [Silent Gear/]: Deserializing trait silentgear:jagged in pack silent-gear-1.20.1-3.6.6.jar
[08Jul2025 02:52:28.078] [main/INFO] [Silent Gear/]: Deserializing trait silentgear:kitty_vision in pack silent-gear-1.20.1-3.6.6.jar
[08Jul2025 02:52:28.078] [main/INFO] [Silent Gear/]: Deserializing trait silentgear:light in pack silent-gear-1.20.1-3.6.6.jar
[08Jul2025 02:52:28.078] [main/INFO] [Silent Gear/]: Deserializing trait silentgear:lucky in pack silent-gear-1.20.1-3.6.6.jar
[08Jul2025 02:52:28.078] [main/INFO] [Silent Gear/]: Deserializing trait silentgear:lustrous in pack silent-gear-1.20.1-3.6.6.jar
[08Jul2025 02:52:28.079] [main/INFO] [Silent Gear/]: Deserializing trait silentgear:magmatic in pack silent-gear-1.20.1-3.6.6.jar
[08Jul2025 02:52:28.079] [main/INFO] [Silent Gear/]: Deserializing trait silentgear:magnetic in pack silent-gear-1.20.1-3.6.6.jar
[08Jul2025 02:52:28.079] [main/INFO] [Silent Gear/]: Deserializing trait silentgear:malleable in pack silent-gear-1.20.1-3.6.6.jar
[08Jul2025 02:52:28.079] [main/INFO] [Silent Gear/]: Deserializing trait silentgear:mighty in pack silent-gear-1.20.1-3.6.6.jar
[08Jul2025 02:52:28.079] [main/INFO] [Silent Gear/]: Deserializing trait silentgear:moonwalker in pack silent-gear-1.20.1-3.6.6.jar
[08Jul2025 02:52:28.079] [main/INFO] [Silent Gear/]: Deserializing trait silentgear:multi_break in pack silent-gear-1.20.1-3.6.6.jar
[08Jul2025 02:52:28.079] [main/INFO] [Silent Gear/]: Deserializing trait silentgear:nc_radiation_protection in pack silent-gear-1.20.1-3.6.6.jar
[08Jul2025 02:52:28.080] [main/INFO] [Silent Gear/]: Deserializing trait silentgear:organic in pack silent-gear-1.20.1-3.6.6.jar
[08Jul2025 02:52:28.080] [main/INFO] [Silent Gear/]: Deserializing trait silentgear:racker in pack silent-gear-1.20.1-3.6.6.jar
[08Jul2025 02:52:28.081] [main/INFO] [Silent Gear/]: Deserializing trait silentgear:reach in pack silent-gear-1.20.1-3.6.6.jar
[08Jul2025 02:52:28.081] [main/INFO] [Silent Gear/]: Deserializing trait silentgear:red_card in pack silent-gear-1.20.1-3.6.6.jar
[08Jul2025 02:52:28.081] [main/INFO] [Silent Gear/]: Deserializing trait silentgear:refractive in pack silent-gear-1.20.1-3.6.6.jar
[08Jul2025 02:52:28.081] [main/INFO] [Silent Gear/]: Deserializing trait silentgear:renew in pack silent-gear-1.20.1-3.6.6.jar
[08Jul2025 02:52:28.081] [main/INFO] [Silent Gear/]: Deserializing trait silentgear:road_maker in pack silent-gear-1.20.1-3.6.6.jar
[08Jul2025 02:52:28.081] [main/INFO] [Silent Gear/]: Deserializing trait silentgear:rustic in pack silent-gear-1.20.1-3.6.6.jar
[08Jul2025 02:52:28.082] [main/INFO] [Silent Gear/]: Deserializing trait silentgear:sharp in pack silent-gear-1.20.1-3.6.6.jar
[08Jul2025 02:52:28.082] [main/INFO] [Silent Gear/]: Deserializing trait silentgear:silky in pack silent-gear-1.20.1-3.6.6.jar
[08Jul2025 02:52:28.082] [main/INFO] [Silent Gear/]: Deserializing trait silentgear:snow_walker in pack silent-gear-1.20.1-3.6.6.jar
[08Jul2025 02:52:28.082] [main/INFO] [Silent Gear/]: Deserializing trait silentgear:soft in pack silent-gear-1.20.1-3.6.6.jar
[08Jul2025 02:52:28.082] [main/INFO] [Silent Gear/]: Deserializing trait silentgear:spoon in pack silent-gear-1.20.1-3.6.6.jar
[08Jul2025 02:52:28.082] [main/INFO] [Silent Gear/]: Deserializing trait silentgear:stellar in pack silent-gear-1.20.1-3.6.6.jar
[08Jul2025 02:52:28.082] [main/INFO] [Silent Gear/]: Deserializing trait silentgear:sturdy in pack silent-gear-1.20.1-3.6.6.jar
[08Jul2025 02:52:28.083] [main/INFO] [Silent Gear/]: Deserializing trait silentgear:swift_swim in pack silent-gear-1.20.1-3.6.6.jar
[08Jul2025 02:52:28.083] [main/INFO] [Silent Gear/]: Deserializing trait silentgear:synergistic in pack silent-gear-1.20.1-3.6.6.jar
[08Jul2025 02:52:28.083] [main/INFO] [Silent Gear/]: Deserializing trait silentgear:terminus in pack silent-gear-1.20.1-3.6.6.jar
[08Jul2025 02:52:28.083] [main/INFO] [Silent Gear/]: Deserializing trait silentgear:turtle in pack silent-gear-1.20.1-3.6.6.jar
[08Jul2025 02:52:28.084] [main/INFO] [Silent Gear/]: Deserializing trait silentgear:venom in pack silent-gear-1.20.1-3.6.6.jar
[08Jul2025 02:52:28.085] [main/INFO] [Silent Gear/]: Deserializing trait silentgear:void_ward in pack silent-gear-1.20.1-3.6.6.jar
[08Jul2025 02:52:28.085] [main/INFO] [Silent Gear/]: Deserializing trait silentgear:vulcan in pack silent-gear-1.20.1-3.6.6.jar
[08Jul2025 02:52:28.085] [main/INFO] [Silent Gear/]: Deserializing trait silentgear:widen in pack silent-gear-1.20.1-3.6.6.jar
[08Jul2025 02:52:28.085] [main/INFO] [Silent Gear/TraitManager]: Registered 70 traits
[08Jul2025 02:52:28.087] [main/INFO] [Silent Gear/PartManager]: Reloading part files
[08Jul2025 02:52:28.087] [main/INFO] [Silent Gear/]: Deserializing part silentgear:adornment in pack silent-gear-1.20.1-3.6.6.jar
[08Jul2025 02:52:28.093] [main/INFO] [Silent Gear/PartManager]: Registered part serializer 'silentgear:compound_part'
[08Jul2025 02:52:28.093] [main/INFO] [Silent Gear/PartManager]: Registered part serializer 'silentgear:misc_upgrade'
[08Jul2025 02:52:28.096] [main/INFO] [Silent Gear/]: Deserializing part silentgear:arrow_heads in pack silent-gear-1.20.1-3.6.6.jar
[08Jul2025 02:52:28.101] [main/INFO] [Silent Gear/]: Deserializing part silentgear:axe_head in pack silent-gear-1.20.1-3.6.6.jar
[08Jul2025 02:52:28.101] [main/INFO] [Silent Gear/]: Deserializing part silentgear:binding in pack silent-gear-1.20.1-3.6.6.jar
[08Jul2025 02:52:28.102] [main/INFO] [Silent Gear/]: Deserializing part silentgear:boot_plates in pack silent-gear-1.20.1-3.6.6.jar
[08Jul2025 02:52:28.102] [main/INFO] [Silent Gear/]: Deserializing part silentgear:bow_limbs in pack silent-gear-1.20.1-3.6.6.jar
[08Jul2025 02:52:28.102] [main/INFO] [Silent Gear/]: Deserializing part silentgear:bowstring in pack silent-gear-1.20.1-3.6.6.jar
[08Jul2025 02:52:28.102] [main/INFO] [Silent Gear/]: Deserializing part silentgear:bracelet_band in pack silent-gear-1.20.1-3.6.6.jar
[08Jul2025 02:52:28.102] [main/INFO] [Silent Gear/]: Deserializing part silentgear:chestplate_plates in pack silent-gear-1.20.1-3.6.6.jar
[08Jul2025 02:52:28.102] [main/INFO] [Silent Gear/]: Deserializing part silentgear:coating in pack silent-gear-1.20.1-3.6.6.jar
[08Jul2025 02:52:28.103] [main/INFO] [Silent Gear/]: Deserializing part silentgear:crossbow_limbs in pack silent-gear-1.20.1-3.6.6.jar
[08Jul2025 02:52:28.103] [main/INFO] [Silent Gear/]: Deserializing part silentgear:dagger_blade in pack silent-gear-1.20.1-3.6.6.jar
[08Jul2025 02:52:28.103] [main/INFO] [Silent Gear/]: Deserializing part silentgear:elytra_wings in pack silent-gear-1.20.1-3.6.6.jar
[08Jul2025 02:52:28.103] [main/INFO] [Silent Gear/]: Deserializing part silentgear:excavator_head in pack silent-gear-1.20.1-3.6.6.jar
[08Jul2025 02:52:28.104] [main/INFO] [Silent Gear/]: Deserializing part silentgear:fishing_reel_and_hook in pack silent-gear-1.20.1-3.6.6.jar
[08Jul2025 02:52:28.104] [main/INFO] [Silent Gear/]: Deserializing part silentgear:fletching in pack silent-gear-1.20.1-3.6.6.jar
[08Jul2025 02:52:28.104] [main/INFO] [Silent Gear/]: Deserializing part silentgear:grip in pack silent-gear-1.20.1-3.6.6.jar
[08Jul2025 02:52:28.104] [main/INFO] [Silent Gear/]: Deserializing part silentgear:hammer_head in pack silent-gear-1.20.1-3.6.6.jar
[08Jul2025 02:52:28.104] [main/INFO] [Silent Gear/]: Deserializing part silentgear:helmet_plates in pack silent-gear-1.20.1-3.6.6.jar
[08Jul2025 02:52:28.104] [main/INFO] [Silent Gear/]: Deserializing part silentgear:hoe_head in pack silent-gear-1.20.1-3.6.6.jar
[08Jul2025 02:52:28.104] [main/INFO] [Silent Gear/]: Deserializing part silentgear:katana_blade in pack silent-gear-1.20.1-3.6.6.jar
[08Jul2025 02:52:28.105] [main/INFO] [Silent Gear/]: Deserializing part silentgear:knife_blade in pack silent-gear-1.20.1-3.6.6.jar
[08Jul2025 02:52:28.105] [main/INFO] [Silent Gear/]: Deserializing part silentgear:legging_plates in pack silent-gear-1.20.1-3.6.6.jar
[08Jul2025 02:52:28.105] [main/INFO] [Silent Gear/]: Deserializing part silentgear:lining in pack silent-gear-1.20.1-3.6.6.jar
[08Jul2025 02:52:28.105] [main/INFO] [Silent Gear/]: Deserializing part silentgear:machete_blade in pack silent-gear-1.20.1-3.6.6.jar
[08Jul2025 02:52:28.105] [main/INFO] [Silent Gear/]: Deserializing part silentgear:mattock_head in pack silent-gear-1.20.1-3.6.6.jar
[08Jul2025 02:52:28.105] [main/INFO] [Silent Gear/]: Deserializing part silentgear:misc/red_card in pack silent-gear-1.20.1-3.6.6.jar
[08Jul2025 02:52:28.108] [main/INFO] [Silent Gear/]: Deserializing part silentgear:misc/road_maker in pack silent-gear-1.20.1-3.6.6.jar
[08Jul2025 02:52:28.108] [main/INFO] [Silent Gear/]: Deserializing part silentgear:misc/spoon in pack silent-gear-1.20.1-3.6.6.jar
[08Jul2025 02:52:28.108] [main/INFO] [Silent Gear/]: Deserializing part silentgear:misc/wide_plate in pack silent-gear-1.20.1-3.6.6.jar
[08Jul2025 02:52:28.109] [main/INFO] [Silent Gear/]: Deserializing part silentgear:paxel_head in pack silent-gear-1.20.1-3.6.6.jar
[08Jul2025 02:52:28.109] [main/INFO] [Silent Gear/]: Deserializing part silentgear:pickaxe_head in pack silent-gear-1.20.1-3.6.6.jar
[08Jul2025 02:52:28.109] [main/INFO] [Silent Gear/]: Deserializing part silentgear:prospector_hammer_head in pack silent-gear-1.20.1-3.6.6.jar
[08Jul2025 02:52:28.109] [main/INFO] [Silent Gear/]: Deserializing part silentgear:ring_shank in pack silent-gear-1.20.1-3.6.6.jar
[08Jul2025 02:52:28.109] [main/INFO] [Silent Gear/]: Deserializing part silentgear:rod in pack silent-gear-1.20.1-3.6.6.jar
[08Jul2025 02:52:28.109] [main/INFO] [Silent Gear/]: Deserializing part silentgear:saw_blade in pack silent-gear-1.20.1-3.6.6.jar
[08Jul2025 02:52:28.110] [main/INFO] [Silent Gear/]: Deserializing part silentgear:shears_blades in pack silent-gear-1.20.1-3.6.6.jar
[08Jul2025 02:52:28.110] [main/INFO] [Silent Gear/]: Deserializing part silentgear:shield_plate in pack silent-gear-1.20.1-3.6.6.jar
[08Jul2025 02:52:28.110] [main/INFO] [Silent Gear/]: Deserializing part silentgear:shovel_head in pack silent-gear-1.20.1-3.6.6.jar
[08Jul2025 02:52:28.110] [main/INFO] [Silent Gear/]: Deserializing part silentgear:sickle_blade in pack silent-gear-1.20.1-3.6.6.jar
[08Jul2025 02:52:28.110] [main/INFO] [Silent Gear/]: Deserializing part silentgear:slingshot_limbs in pack silent-gear-1.20.1-3.6.6.jar
[08Jul2025 02:52:28.110] [main/INFO] [Silent Gear/]: Deserializing part silentgear:spear_tip in pack silent-gear-1.20.1-3.6.6.jar
[08Jul2025 02:52:28.111] [main/INFO] [Silent Gear/]: Deserializing part silentgear:sword_blade in pack silent-gear-1.20.1-3.6.6.jar
[08Jul2025 02:52:28.111] [main/INFO] [Silent Gear/]: Deserializing part silentgear:tip in pack silent-gear-1.20.1-3.6.6.jar
[08Jul2025 02:52:28.111] [main/INFO] [Silent Gear/]: Deserializing part silentgear:trident_prongs in pack silent-gear-1.20.1-3.6.6.jar
[08Jul2025 02:52:28.111] [main/INFO] [Silent Gear/PartManager]: Registered 45 parts
[08Jul2025 02:52:28.114] [main/INFO] [Silent Gear/MaterialManager]: Reloading material files
[08Jul2025 02:52:28.114] [main/INFO] [Silent Gear/]: Deserializing material silentgear:aluminum in pack silent-gear-1.20.1-3.6.6.jar
[08Jul2025 02:52:28.120] [main/INFO] [Silent Gear/MaterialManager]: Registered material serializer 'silentgear:standard'
[08Jul2025 02:52:28.121] [main/INFO] [Silent Gear/MaterialManager]: Registered material serializer 'silentgear:compound'
[08Jul2025 02:52:28.122] [main/INFO] [Silent Gear/MaterialManager]: Registered material serializer 'silentgear:custom_compound'
[08Jul2025 02:52:28.123] [main/INFO] [Silent Gear/MaterialManager]: Registered material serializer 'silentgear:crafted'
[08Jul2025 02:52:28.129] [main/INFO] [Silent Gear/]: Deserializing material silentgear:aluminum_steel in pack silent-gear-1.20.1-3.6.6.jar
[08Jul2025 02:52:28.129] [main/INFO] [Silent Gear/]: Deserializing material silentgear:amethyst in pack silent-gear-1.20.1-3.6.6.jar
[08Jul2025 02:52:28.130] [main/INFO] [Silent Gear/]: Deserializing material silentgear:azure_electrum in pack silent-gear-1.20.1-3.6.6.jar
[08Jul2025 02:52:28.130] [main/INFO] [Silent Gear/]: Deserializing material silentgear:azure_silver in pack silent-gear-1.20.1-3.6.6.jar
[08Jul2025 02:52:28.131] [main/INFO] [Silent Gear/]: Deserializing material silentgear:bamboo in pack silent-gear-1.20.1-3.6.6.jar
[08Jul2025 02:52:28.131] [main/INFO] [Silent Gear/]: Deserializing material silentgear:barrier in pack silent-gear-1.20.1-3.6.6.jar
[08Jul2025 02:52:28.132] [main/INFO] [Silent Gear/]: Deserializing material silentgear:basalt in pack silent-gear-1.20.1-3.6.6.jar
[08Jul2025 02:52:28.132] [main/INFO] [Silent Gear/]: Deserializing material silentgear:bismuth in pack silent-gear-1.20.1-3.6.6.jar
[08Jul2025 02:52:28.132] [main/INFO] [Silent Gear/]: Deserializing material silentgear:bismuth_brass in pack silent-gear-1.20.1-3.6.6.jar
[08Jul2025 02:52:28.133] [main/INFO] [Silent Gear/]: Deserializing material silentgear:bismuth_steel in pack silent-gear-1.20.1-3.6.6.jar
[08Jul2025 02:52:28.133] [main/INFO] [Silent Gear/]: Deserializing material silentgear:blackstone in pack silent-gear-1.20.1-3.6.6.jar
[08Jul2025 02:52:28.134] [main/INFO] [Silent Gear/]: Deserializing material silentgear:blaze_gold in pack silent-gear-1.20.1-3.6.6.jar
[08Jul2025 02:52:28.134] [main/INFO] [Silent Gear/]: Deserializing material silentgear:blaze_rod in pack silent-gear-1.20.1-3.6.6.jar
[08Jul2025 02:52:28.134] [main/INFO] [Silent Gear/]: Deserializing material silentgear:bone in pack silent-gear-1.20.1-3.6.6.jar
[08Jul2025 02:52:28.135] [main/INFO] [Silent Gear/]: Deserializing material silentgear:brass in pack silent-gear-1.20.1-3.6.6.jar
[08Jul2025 02:52:28.135] [main/INFO] [Silent Gear/]: Deserializing material silentgear:bronze in pack silent-gear-1.20.1-3.6.6.jar
[08Jul2025 02:52:28.136] [main/INFO] [Silent Gear/]: Deserializing material silentgear:compressed_iron in pack silent-gear-1.20.1-3.6.6.jar
[08Jul2025 02:52:28.136] [main/INFO] [Silent Gear/]: Deserializing material silentgear:copper in pack silent-gear-1.20.1-3.6.6.jar
[08Jul2025 02:52:28.136] [main/INFO] [Silent Gear/]: Deserializing material silentgear:crimson_iron in pack silent-gear-1.20.1-3.6.6.jar
[08Jul2025 02:52:28.137] [main/INFO] [Silent Gear/]: Deserializing material silentgear:crimson_steel in pack silent-gear-1.20.1-3.6.6.jar
[08Jul2025 02:52:28.137] [main/INFO] [Silent Gear/]: Deserializing material silentgear:diamond in pack silent-gear-1.20.1-3.6.6.jar
[08Jul2025 02:52:28.138] [main/INFO] [Silent Gear/]: Deserializing material silentgear:dimerald in pack silent-gear-1.20.1-3.6.6.jar
[08Jul2025 02:52:28.139] [main/INFO] [Silent Gear/]: Deserializing material silentgear:electrum in pack silent-gear-1.20.1-3.6.6.jar
[08Jul2025 02:52:28.139] [main/INFO] [Silent Gear/]: Deserializing material silentgear:emerald in pack silent-gear-1.20.1-3.6.6.jar
[08Jul2025 02:52:28.140] [main/INFO] [Silent Gear/]: Deserializing material silentgear:end_rod in pack silent-gear-1.20.1-3.6.6.jar
[08Jul2025 02:52:28.140] [main/INFO] [Silent Gear/]: Deserializing material silentgear:end_stone in pack silent-gear-1.20.1-3.6.6.jar
[08Jul2025 02:52:28.140] [main/INFO] [Silent Gear/]: Deserializing material silentgear:enderium in pack silent-gear-1.20.1-3.6.6.jar
[08Jul2025 02:52:28.141] [main/INFO] [Silent Gear/]: Deserializing material silentgear:example in pack silent-gear-1.20.1-3.6.6.jar
[08Jul2025 02:52:28.141] [main/INFO] [Silent Gear/]: Deserializing material silentgear:feather in pack silent-gear-1.20.1-3.6.6.jar
[08Jul2025 02:52:28.142] [main/INFO] [Silent Gear/]: Deserializing material silentgear:fine_silk in pack silent-gear-1.20.1-3.6.6.jar
[08Jul2025 02:52:28.142] [main/INFO] [Silent Gear/]: Deserializing material silentgear:fine_silk_cloth in pack silent-gear-1.20.1-3.6.6.jar
[08Jul2025 02:52:28.142] [main/INFO] [Silent Gear/]: Deserializing material silentgear:flax in pack silent-gear-1.20.1-3.6.6.jar
[08Jul2025 02:52:28.143] [main/INFO] [Silent Gear/]: Deserializing material silentgear:flint in pack silent-gear-1.20.1-3.6.6.jar
[08Jul2025 02:52:28.143] [main/INFO] [Silent Gear/]: Deserializing material silentgear:fluffy_string in pack silent-gear-1.20.1-3.6.6.jar
[08Jul2025 02:52:28.143] [main/INFO] [Silent Gear/]: Deserializing material silentgear:glowstone in pack silent-gear-1.20.1-3.6.6.jar
[08Jul2025 02:52:28.144] [main/INFO] [Silent Gear/]: Deserializing material silentgear:gold in pack silent-gear-1.20.1-3.6.6.jar
[08Jul2025 02:52:28.144] [main/INFO] [Silent Gear/]: Deserializing material silentgear:high_carbon_steel in pack silent-gear-1.20.1-3.6.6.jar
[08Jul2025 02:52:28.144] [main/INFO] [Silent Gear/]: Deserializing material silentgear:hybrid_gem in pack silent-gear-1.20.1-3.6.6.jar
[08Jul2025 02:52:28.147] [main/INFO] [Silent Gear/]: Deserializing material silentgear:invar in pack silent-gear-1.20.1-3.6.6.jar
[08Jul2025 02:52:28.148] [main/INFO] [Silent Gear/]: Deserializing material silentgear:iron in pack silent-gear-1.20.1-3.6.6.jar
[08Jul2025 02:52:28.148] [main/INFO] [Silent Gear/]: Deserializing material silentgear:lapis_lazuli in pack silent-gear-1.20.1-3.6.6.jar
[08Jul2025 02:52:28.149] [main/INFO] [Silent Gear/]: Deserializing material silentgear:lead in pack silent-gear-1.20.1-3.6.6.jar
[08Jul2025 02:52:28.149] [main/INFO] [Silent Gear/]: Deserializing material silentgear:leather in pack silent-gear-1.20.1-3.6.6.jar
[08Jul2025 02:52:28.150] [main/INFO] [Silent Gear/]: Deserializing material silentgear:leaves in pack silent-gear-1.20.1-3.6.6.jar
[08Jul2025 02:52:28.150] [main/INFO] [Silent Gear/]: Deserializing material silentgear:lumium in pack silent-gear-1.20.1-3.6.6.jar
[08Jul2025 02:52:28.150] [main/INFO] [Silent Gear/]: Deserializing material silentgear:metal_alloy in pack silent-gear-1.20.1-3.6.6.jar
[08Jul2025 02:52:28.151] [main/INFO] [Silent Gear/]: Deserializing material silentgear:mixed_fabric in pack silent-gear-1.20.1-3.6.6.jar
[08Jul2025 02:52:28.151] [main/INFO] [Silent Gear/]: Deserializing material silentgear:netherite in pack silent-gear-1.20.1-3.6.6.jar
[08Jul2025 02:52:28.151] [main/INFO] [Silent Gear/]: Deserializing material silentgear:netherrack in pack silent-gear-1.20.1-3.6.6.jar
[08Jul2025 02:52:28.152] [main/INFO] [Silent Gear/]: Deserializing material silentgear:netherwood in pack silent-gear-1.20.1-3.6.6.jar
[08Jul2025 02:52:28.152] [main/INFO] [Silent Gear/]: Deserializing material silentgear:nickel in pack silent-gear-1.20.1-3.6.6.jar
[08Jul2025 02:52:28.152] [main/INFO] [Silent Gear/]: Deserializing material silentgear:obsidian in pack silent-gear-1.20.1-3.6.6.jar
[08Jul2025 02:52:28.153] [main/INFO] [Silent Gear/]: Deserializing material silentgear:osmium in pack silent-gear-1.20.1-3.6.6.jar
[08Jul2025 02:52:28.153] [main/INFO] [Silent Gear/]: Deserializing material silentgear:paper in pack silent-gear-1.20.1-3.6.6.jar
[08Jul2025 02:52:28.153] [main/INFO] [Silent Gear/]: Deserializing material silentgear:phantom_membrane in pack silent-gear-1.20.1-3.6.6.jar
[08Jul2025 02:52:28.154] [main/INFO] [Silent Gear/]: Deserializing material silentgear:platinum in pack silent-gear-1.20.1-3.6.6.jar
[08Jul2025 02:52:28.154] [main/INFO] [Silent Gear/]: Deserializing material silentgear:prismarine in pack silent-gear-1.20.1-3.6.6.jar
[08Jul2025 02:52:28.154] [main/INFO] [Silent Gear/]: Deserializing material silentgear:quartz in pack silent-gear-1.20.1-3.6.6.jar
[08Jul2025 02:52:28.155] [main/INFO] [Silent Gear/]: Deserializing material silentgear:redstone in pack silent-gear-1.20.1-3.6.6.jar
[08Jul2025 02:52:28.155] [main/INFO] [Silent Gear/]: Deserializing material silentgear:redstone_alloy in pack silent-gear-1.20.1-3.6.6.jar
[08Jul2025 02:52:28.156] [main/INFO] [Silent Gear/]: Deserializing material silentgear:refined_glowstone in pack silent-gear-1.20.1-3.6.6.jar
[08Jul2025 02:52:28.156] [main/INFO] [Silent Gear/]: Deserializing material silentgear:refined_iron in pack silent-gear-1.20.1-3.6.6.jar
[08Jul2025 02:52:28.156] [main/INFO] [Silent Gear/]: Deserializing material silentgear:refined_obsidian in pack silent-gear-1.20.1-3.6.6.jar
[08Jul2025 02:52:28.157] [main/INFO] [Silent Gear/]: Deserializing material silentgear:sandstone in pack silent-gear-1.20.1-3.6.6.jar
[08Jul2025 02:52:28.157] [main/INFO] [Silent Gear/]: Deserializing material silentgear:sandstone/red in pack silent-gear-1.20.1-3.6.6.jar
[08Jul2025 02:52:28.158] [main/INFO] [Silent Gear/]: Deserializing material silentgear:sheet_metal in pack silent-gear-1.20.1-3.6.6.jar
[08Jul2025 02:52:28.158] [main/INFO] [Silent Gear/]: Deserializing material silentgear:signalum in pack silent-gear-1.20.1-3.6.6.jar
[08Jul2025 02:52:28.158] [main/INFO] [Silent Gear/]: Deserializing material silentgear:silver in pack silent-gear-1.20.1-3.6.6.jar
[08Jul2025 02:52:28.159] [main/INFO] [Silent Gear/]: Deserializing material silentgear:sinew in pack silent-gear-1.20.1-3.6.6.jar
[08Jul2025 02:52:28.159] [main/INFO] [Silent Gear/]: Deserializing material silentgear:slime in pack silent-gear-1.20.1-3.6.6.jar
[08Jul2025 02:52:28.159] [main/INFO] [Silent Gear/]: Deserializing material silentgear:steel in pack silent-gear-1.20.1-3.6.6.jar
[08Jul2025 02:52:28.160] [main/INFO] [Silent Gear/]: Deserializing material silentgear:stone in pack silent-gear-1.20.1-3.6.6.jar
[08Jul2025 02:52:28.160] [main/INFO] [Silent Gear/]: Deserializing material silentgear:stone/andesite in pack silent-gear-1.20.1-3.6.6.jar
[08Jul2025 02:52:28.160] [main/INFO] [Silent Gear/]: Deserializing material silentgear:stone/diorite in pack silent-gear-1.20.1-3.6.6.jar
[08Jul2025 02:52:28.160] [main/INFO] [Silent Gear/]: Deserializing material silentgear:stone/granite in pack silent-gear-1.20.1-3.6.6.jar
[08Jul2025 02:52:28.161] [main/INFO] [Silent Gear/]: Deserializing material silentgear:string in pack silent-gear-1.20.1-3.6.6.jar
[08Jul2025 02:52:28.161] [main/INFO] [Silent Gear/]: Deserializing material silentgear:terracotta in pack silent-gear-1.20.1-3.6.6.jar
[08Jul2025 02:52:28.161] [main/INFO] [Silent Gear/]: Deserializing material silentgear:terracotta/black in pack silent-gear-1.20.1-3.6.6.jar
[08Jul2025 02:52:28.161] [main/INFO] [Silent Gear/]: Deserializing material silentgear:terracotta/blue in pack silent-gear-1.20.1-3.6.6.jar
[08Jul2025 02:52:28.162] [main/INFO] [Silent Gear/]: Deserializing material silentgear:terracotta/brown in pack silent-gear-1.20.1-3.6.6.jar
[08Jul2025 02:52:28.162] [main/INFO] [Silent Gear/]: Deserializing material silentgear:terracotta/cyan in pack silent-gear-1.20.1-3.6.6.jar
[08Jul2025 02:52:28.162] [main/INFO] [Silent Gear/]: Deserializing material silentgear:terracotta/gray in pack silent-gear-1.20.1-3.6.6.jar
[08Jul2025 02:52:28.162] [main/INFO] [Silent Gear/]: Deserializing material silentgear:terracotta/green in pack silent-gear-1.20.1-3.6.6.jar
[08Jul2025 02:52:28.162] [main/INFO] [Silent Gear/]: Deserializing material silentgear:terracotta/light_blue in pack silent-gear-1.20.1-3.6.6.jar
[08Jul2025 02:52:28.162] [main/INFO] [Silent Gear/]: Deserializing material silentgear:terracotta/light_gray in pack silent-gear-1.20.1-3.6.6.jar
[08Jul2025 02:52:28.163] [main/INFO] [Silent Gear/]: Deserializing material silentgear:terracotta/lime in pack silent-gear-1.20.1-3.6.6.jar
[08Jul2025 02:52:28.163] [main/INFO] [Silent Gear/]: Deserializing material silentgear:terracotta/magenta in pack silent-gear-1.20.1-3.6.6.jar
[08Jul2025 02:52:28.163] [main/INFO] [Silent Gear/]: Deserializing material silentgear:terracotta/orange in pack silent-gear-1.20.1-3.6.6.jar
[08Jul2025 02:52:28.163] [main/INFO] [Silent Gear/]: Deserializing material silentgear:terracotta/pink in pack silent-gear-1.20.1-3.6.6.jar
[08Jul2025 02:52:28.163] [main/INFO] [Silent Gear/]: Deserializing material silentgear:terracotta/purple in pack silent-gear-1.20.1-3.6.6.jar
[08Jul2025 02:52:28.164] [main/INFO] [Silent Gear/]: Deserializing material silentgear:terracotta/red in pack silent-gear-1.20.1-3.6.6.jar
[08Jul2025 02:52:28.164] [main/INFO] [Silent Gear/]: Deserializing material silentgear:terracotta/white in pack silent-gear-1.20.1-3.6.6.jar
[08Jul2025 02:52:28.164] [main/INFO] [Silent Gear/]: Deserializing material silentgear:terracotta/yellow in pack silent-gear-1.20.1-3.6.6.jar
[08Jul2025 02:52:28.164] [main/INFO] [Silent Gear/]: Deserializing material silentgear:tin in pack silent-gear-1.20.1-3.6.6.jar
[08Jul2025 02:52:28.165] [main/INFO] [Silent Gear/]: Deserializing material silentgear:titanium in pack silent-gear-1.20.1-3.6.6.jar
[08Jul2025 02:52:28.165] [main/INFO] [Silent Gear/]: Deserializing material silentgear:turtle in pack silent-gear-1.20.1-3.6.6.jar
[08Jul2025 02:52:28.165] [main/INFO] [Silent Gear/]: Deserializing material silentgear:tyrian_steel in pack silent-gear-1.20.1-3.6.6.jar
[08Jul2025 02:52:28.166] [main/INFO] [Silent Gear/]: Deserializing material silentgear:uranium in pack silent-gear-1.20.1-3.6.6.jar
[08Jul2025 02:52:28.166] [main/INFO] [Silent Gear/]: Deserializing material silentgear:vine in pack silent-gear-1.20.1-3.6.6.jar
[08Jul2025 02:52:28.166] [main/INFO] [Silent Gear/]: Deserializing material silentgear:wood in pack silent-gear-1.20.1-3.6.6.jar
[08Jul2025 02:52:28.167] [main/INFO] [Silent Gear/]: Deserializing material silentgear:wood/acacia in pack silent-gear-1.20.1-3.6.6.jar
[08Jul2025 02:52:28.167] [main/INFO] [Silent Gear/]: Deserializing material silentgear:wood/birch in pack silent-gear-1.20.1-3.6.6.jar
[08Jul2025 02:52:28.167] [main/INFO] [Silent Gear/]: Deserializing material silentgear:wood/crimson in pack silent-gear-1.20.1-3.6.6.jar
[08Jul2025 02:52:28.167] [main/INFO] [Silent Gear/]: Deserializing material silentgear:wood/dark_oak in pack silent-gear-1.20.1-3.6.6.jar
[08Jul2025 02:52:28.167] [main/INFO] [Silent Gear/]: Deserializing material silentgear:wood/jungle in pack silent-gear-1.20.1-3.6.6.jar
[08Jul2025 02:52:28.167] [main/INFO] [Silent Gear/]: Deserializing material silentgear:wood/oak in pack silent-gear-1.20.1-3.6.6.jar
[08Jul2025 02:52:28.168] [main/INFO] [Silent Gear/]: Deserializing material silentgear:wood/rough in pack silent-gear-1.20.1-3.6.6.jar
[08Jul2025 02:52:28.168] [main/INFO] [Silent Gear/]: Deserializing material silentgear:wood/spruce in pack silent-gear-1.20.1-3.6.6.jar
[08Jul2025 02:52:28.168] [main/INFO] [Silent Gear/]: Deserializing material silentgear:wood/warped in pack silent-gear-1.20.1-3.6.6.jar
[08Jul2025 02:52:28.168] [main/INFO] [Silent Gear/]: Deserializing material silentgear:wool in pack silent-gear-1.20.1-3.6.6.jar
[08Jul2025 02:52:28.169] [main/INFO] [Silent Gear/]: Deserializing material silentgear:wool/black in pack silent-gear-1.20.1-3.6.6.jar
[08Jul2025 02:52:28.169] [main/INFO] [Silent Gear/]: Deserializing material silentgear:wool/blue in pack silent-gear-1.20.1-3.6.6.jar
[08Jul2025 02:52:28.169] [main/INFO] [Silent Gear/]: Deserializing material silentgear:wool/brown in pack silent-gear-1.20.1-3.6.6.jar
[08Jul2025 02:52:28.169] [main/INFO] [Silent Gear/]: Deserializing material silentgear:wool/cyan in pack silent-gear-1.20.1-3.6.6.jar
[08Jul2025 02:52:28.169] [main/INFO] [Silent Gear/]: Deserializing material silentgear:wool/gray in pack silent-gear-1.20.1-3.6.6.jar
[08Jul2025 02:52:28.170] [main/INFO] [Silent Gear/]: Deserializing material silentgear:wool/green in pack silent-gear-1.20.1-3.6.6.jar
[08Jul2025 02:52:28.170] [main/INFO] [Silent Gear/]: Deserializing material silentgear:wool/light_blue in pack silent-gear-1.20.1-3.6.6.jar
[08Jul2025 02:52:28.170] [main/INFO] [Silent Gear/]: Deserializing material silentgear:wool/light_gray in pack silent-gear-1.20.1-3.6.6.jar
[08Jul2025 02:52:28.170] [main/INFO] [Silent Gear/]: Deserializing material silentgear:wool/lime in pack silent-gear-1.20.1-3.6.6.jar
[08Jul2025 02:52:28.170] [main/INFO] [Silent Gear/]: Deserializing material silentgear:wool/magenta in pack silent-gear-1.20.1-3.6.6.jar
[08Jul2025 02:52:28.171] [main/INFO] [Silent Gear/]: Deserializing material silentgear:wool/orange in pack silent-gear-1.20.1-3.6.6.jar
[08Jul2025 02:52:28.171] [main/INFO] [Silent Gear/]: Deserializing material silentgear:wool/pink in pack silent-gear-1.20.1-3.6.6.jar
[08Jul2025 02:52:28.171] [main/INFO] [Silent Gear/]: Deserializing material silentgear:wool/purple in pack silent-gear-1.20.1-3.6.6.jar
[08Jul2025 02:52:28.171] [main/INFO] [Silent Gear/]: Deserializing material silentgear:wool/red in pack silent-gear-1.20.1-3.6.6.jar
[08Jul2025 02:52:28.171] [main/INFO] [Silent Gear/]: Deserializing material silentgear:wool/white in pack silent-gear-1.20.1-3.6.6.jar
[08Jul2025 02:52:28.172] [main/INFO] [Silent Gear/]: Deserializing material silentgear:wool/yellow in pack silent-gear-1.20.1-3.6.6.jar
[08Jul2025 02:52:28.172] [main/INFO] [Silent Gear/]: Deserializing material silentgear:zinc in pack silent-gear-1.20.1-3.6.6.jar
[08Jul2025 02:52:28.207] [main/INFO] [dan200.computercraft.impl.UpgradeManager/]: Loaded 9 turtle upgrades
[08Jul2025 02:52:28.208] [main/INFO] [dan200.computercraft.impl.UpgradeManager/]: Loaded 3 pocket computer upgrades
[08Jul2025 02:52:28.216] [main/INFO] [Supplementaries/]: Loaded 27 flute songs
[08Jul2025 02:52:28.242] [main/INFO] [enderio/]: Data loader for eio_soul/spawner loaded 73 jsons
[08Jul2025 02:52:28.242] [main/INFO] [enderio/]: Data loader for eio_soul/engine loaded 5 jsons
[08Jul2025 02:52:28.300] [main/INFO] [Gateways to Eternity/]: Registered 7 gateways.
[08Jul2025 02:52:28.302] [main/INFO] [Apotheosis : Enchantment/]: Registered 36 enchanting_stats.
[08Jul2025 02:52:28.306] [main/INFO] [Apotheosis : Adventure/]: Registered 6 rarities.
[08Jul2025 02:52:28.307] [main/INFO] [botania/]: Loaded 30 Loonium configurations
[08Jul2025 02:52:28.318] [main/INFO] [Apotheosis : Adventure/]: Registered 81 affixes.
[08Jul2025 02:52:28.323] [main/WARN] [Apotheosis : Adventure/]: Insufficient number of affixes to satisfy the loot rules (ignoring backup rules) of rarity apotheosis:mythic for category helmetRequired: 3; Provided: 2
[08Jul2025 02:52:28.323] [main/WARN] [Apotheosis : Adventure/]: Insufficient number of affixes to satisfy the loot rules (ignoring backup rules) of rarity apotheosis:mythic for category bootsRequired: 3; Provided: 2
[08Jul2025 02:52:28.324] [main/WARN] [Apotheosis : Adventure/]: Insufficient number of affixes to satisfy the loot rules (ignoring backup rules) of rarity apotheosis:ancient for category helmetRequired: 4; Provided: 2
[08Jul2025 02:52:28.325] [main/WARN] [Apotheosis : Adventure/]: Insufficient number of affixes to satisfy the loot rules (ignoring backup rules) of rarity apotheosis:ancient for category bootsRequired: 4; Provided: 2
[08Jul2025 02:52:28.325] [main/WARN] [Apotheosis : Adventure/]: Insufficient number of affixes to satisfy the loot rules (ignoring backup rules) of rarity apotheosis:ancient for category bowRequired: 5; Provided: 4
[08Jul2025 02:52:28.325] [main/WARN] [Apotheosis : Adventure/]: Insufficient number of affixes to satisfy the loot rules (ignoring backup rules) of rarity apotheosis:ancient for category crossbowRequired: 5; Provided: 4
[08Jul2025 02:52:28.325] [main/WARN] [Apotheosis : Adventure/]: Insufficient number of affixes to satisfy the loot rules (ignoring backup rules) of rarity apotheosis:ancient for category pickaxeRequired: 5; Provided: 4
[08Jul2025 02:52:28.325] [main/WARN] [Apotheosis : Adventure/]: Insufficient number of affixes to satisfy the loot rules (ignoring backup rules) of rarity apotheosis:ancient for category shovelRequired: 5; Provided: 4
[08Jul2025 02:52:28.325] [main/WARN] [Apotheosis : Adventure/]: Insufficient number of affixes to satisfy the loot rules (ignoring backup rules) of rarity apotheosis:ancient for category shieldRequired: 5; Provided: 4
[08Jul2025 02:52:28.337] [main/INFO] [Apotheosis : Adventure/]: Registered 19 gems.
[08Jul2025 02:52:28.342] [main/INFO] [Apotheosis : Adventure/]: Registered 67 affix_loot_entries.
[08Jul2025 02:52:28.349] [main/INFO] [Apotheosis : Adventure/]: Registered 17 bosses.
[08Jul2025 02:52:28.358] [main/INFO] [Apotheosis : Adventure/]: Registered 8 rogue_spawners.
[08Jul2025 02:52:28.361] [main/INFO] [Apotheosis : Adventure/]: Registered 5 minibosses.
[08Jul2025 02:52:28.366] [main/INFO] [Apotheosis : Village/]: Registered 28 wanderer_trades.
[08Jul2025 02:52:28.376] [main/INFO] [placebo/]: Registered 20 gear_sets.
[08Jul2025 02:52:28.391] [main/INFO] [hostilenetworks/]: Registered 41 data_models.
[08Jul2025 02:52:28.392] [main/INFO] [hostilenetworks/]: Registered 5 model_tiers.
[08Jul2025 02:52:28.449] [main/WARN] [net.minecraft.core.MappedRegistry/]: Not all defined tags for registry ResourceKey[minecraft:root / minecraft:worldgen/biome] are present in data pack: forge:none
[08Jul2025 02:52:28.573] [main/INFO] [Moonlight/]: Applied 7 data villager trades
[08Jul2025 02:52:29.263] [main/INFO] [ModernFix/]: Made Refined Storage shape cache map thread-safe
[08Jul2025 02:52:29.847] [main/INFO] [moze_intel.projecte.PECore/]: Registered 8244 EMC values. (took 1170 ms)
[08Jul2025 02:52:31.087] [main/INFO] [Supplementaries/]: Finished additional setup in 0 ms
[08Jul2025 02:52:31.147] [main/INFO] [Cucumber Library/]: Loaded cucumber-tags.json in 1 ms
[08Jul2025 02:52:31.148] [main/INFO] [Mystical Agriculture/]: Recipe ingredient caching done in 1 ms
[08Jul2025 02:52:31.151] [main/WARN] [ModernFix/]: Initial datapack load took 17.55 s
[08Jul2025 02:52:31.498] [Server thread/INFO] [net.minecraft.server.dedicated.DedicatedServer/]: Starting minecraft server version 1.20.1
[08Jul2025 02:52:31.498] [Server thread/INFO] [net.minecraft.server.dedicated.DedicatedServer/]: Loading properties
[08Jul2025 02:52:31.498] [Server thread/INFO] [net.minecraft.server.dedicated.DedicatedServer/]: Default game type: SURVIVAL
[08Jul2025 02:52:31.499] [Server thread/INFO] [net.minecraft.server.MinecraftServer/]: Generating keypair
[08Jul2025 02:52:31.576] [Server thread/INFO] [net.minecraft.server.dedicated.DedicatedServer/]: Starting Minecraft server on *:25565
[08Jul2025 02:52:31.631] [Server thread/INFO] [net.minecraft.server.network.ServerConnectionListener/]: Using epoll channel type
[08Jul2025 02:52:31.727] [Server thread/WARN] [net.minecraft.server.dedicated.DedicatedServer/]: **** SERVER IS RUNNING IN OFFLINE/INSECURE MODE!
[08Jul2025 02:52:31.728] [Server thread/WARN] [net.minecraft.server.dedicated.DedicatedServer/]: The server will make no attempt to authenticate usernames. Beware.
[08Jul2025 02:52:31.728] [Server thread/WARN] [net.minecraft.server.dedicated.DedicatedServer/]: While this makes the game possible to play without internet access, it also opens up the ability for hackers to connect with any username they choose.
[08Jul2025 02:52:31.728] [Server thread/WARN] [net.minecraft.server.dedicated.DedicatedServer/]: To change this, set "online-mode" to "true" in the server.properties file.
[08Jul2025 02:52:31.750] [Server thread/INFO] [sfm/]: SFM config loaded, now on revision 1
[08Jul2025 02:52:31.758] [Server thread/WARN] [net.minecraftforge.common.ForgeConfigSpec/CORE]: Configuration file /workspaces/atm9-free/servidor_minecraft/config/ars_caelum-server.toml is not correct. Correcting
[08Jul2025 02:52:31.876] [Server thread/INFO] [FluxNetworks/Energy]: Energy blacklist loaded: 1 block entries, 0 item entries
[08Jul2025 02:52:32.004] [Server thread/INFO] [FTB Teams/]: loaded team data: 2 known players, 2 teams total
[08Jul2025 02:52:32.138] [Server thread/INFO] [spark/]: Starting background profiler...
[08Jul2025 02:52:32.643] [Server thread/INFO] [net.minecraft.server.dedicated.DedicatedServer/]: Preparing level "world"
[08Jul2025 02:52:33.132] [Server thread/INFO] [shetiphian.core.ShetiPhianCore/]: Loading Teams Data
[08Jul2025 02:52:33.133] [Server thread/INFO] [shetiphian.core.ShetiPhianCore/]: Finished Loading Teams Data
[08Jul2025 02:52:33.364] [Server thread/WARN] [net.minecraft.network.syncher.SynchedEntityData/]: defineId called for: class net.minecraft.world.entity.TamableAnimal from interface com.hollingsworth.arsnouveau.common.entity.IFollowingSummon
[08Jul2025 02:52:33.836] [Server thread/INFO] [net.minecraft.server.MinecraftServer/]: Preparing start region for dimension minecraft:overworld
[08Jul2025 02:52:33.840] [Server thread/WARN] [mixin/]: Method overwrite conflict for removeIf in canary.mixins.json:world.chunk_tickets.SortedArraySetMixin, previously written by org.embeddedt.modernfix.common.mixin.bugfix.paper_chunk_patches.SortedArraySetMixin. Skipping method.
[08Jul2025 02:52:33.843] [Server thread/INFO] [KubeJS Server/]: Server resource reload complete!
[08Jul2025 02:52:34.742] [Server thread/INFO] [net.minecraft.server.level.progress.LoggerChunkProgressListener/]: Preparing spawn area: 0%
[08Jul2025 02:52:34.742] [Server thread/INFO] [net.minecraft.server.level.progress.LoggerChunkProgressListener/]: Preparing spawn area: 0%
[08Jul2025 02:52:34.837] [Server thread/INFO] [net.minecraft.server.level.progress.LoggerChunkProgressListener/]: Preparing spawn area: 16%
[08Jul2025 02:52:34.985] [Server thread/INFO] [FTB Chunks/]: cleaned up 9 stale ticking Forge chunkloading tickets for team ID 41961753-7708-3bc2-a91d-d0220e27d1e6 in dimension minecraft:overworld
[08Jul2025 02:52:34.985] [Server thread/INFO] [net.minecraft.server.level.progress.LoggerChunkProgressListener/]: Time elapsed: 1149 ms
[08Jul2025 02:52:34.986] [Server thread/INFO] [net.minecraft.server.dedicated.DedicatedServer/]: Done (3.243s)! For help, type "help"
[08Jul2025 02:52:35.182] [Server thread/INFO] [net.minecraftforge.server.permission.PermissionAPI/]: Successfully initialized permission handler forge:default_handler
[08Jul2025 02:52:35.284] [Server thread/INFO] [FTB Ranks/]: Loaded 3 ranks
[08Jul2025 02:52:35.287] [Server thread/INFO] [Observable/]: Registered thread Server thread
[08Jul2025 02:52:35.287] [Server thread/INFO] [FTB Quests/]: Loading quests from /workspaces/atm9-free/servidor_minecraft/config/ftbquests/quests
[08Jul2025 02:52:35.463] [Server thread/INFO] [FTB Quests/]: Loaded 8 chapter groups, 44 chapters, 2822 quests, 56 reward tables
[08Jul2025 02:52:35.500] [Server thread/INFO] [net.roguelogix.biggerreactors.BiggerReactors/]: Loading reactor moderators
[08Jul2025 02:52:35.509] [Server thread/INFO] [net.roguelogix.biggerreactors.BiggerReactors/]: Loaded 54 moderator data entries
[08Jul2025 02:52:35.513] [Server thread/INFO] [net.roguelogix.biggerreactors.BiggerReactors/]: Loaded 81 moderator entries
[08Jul2025 02:52:35.515] [Server thread/INFO] [net.roguelogix.biggerreactors.BiggerReactors/]: Loading turbine coils
[08Jul2025 02:52:35.519] [Server thread/INFO] [net.roguelogix.biggerreactors.BiggerReactors/]: Loaded 15 coil data entries
[08Jul2025 02:52:35.520] [Server thread/INFO] [net.roguelogix.biggerreactors.BiggerReactors/]: Loaded 30 coil entries
[08Jul2025 02:52:35.523] [Server thread/INFO] [net.roguelogix.biggerreactors.BiggerReactors/]: Loading fluid transitions
[08Jul2025 02:52:35.526] [Server thread/INFO] [net.roguelogix.biggerreactors.BiggerReactors/]: Loaded 6 transitions data entries
[08Jul2025 02:52:35.527] [Server thread/INFO] [net.roguelogix.biggerreactors.BiggerReactors/]: Loaded 3 liquid transition entries
[08Jul2025 02:52:35.528] [Server thread/INFO] [net.roguelogix.biggerreactors.BiggerReactors/]: Loaded 5 gas transition entries
[08Jul2025 02:52:35.537] [Server thread/INFO] [Silent Gear/TraitManager]: Traits loaded: 70
[08Jul2025 02:52:35.537] [Server thread/INFO] [Silent Gear/PartManager]: Parts loaded: 45
[08Jul2025 02:52:35.538] [Server thread/INFO] [Silent Gear/PartManager]: - Compound: 41
[08Jul2025 02:52:35.538] [Server thread/INFO] [Silent Gear/PartManager]: - Simple: 4
[08Jul2025 02:52:35.538] [Server thread/INFO] [Silent Gear/MaterialManager]: Materials loaded: 128
[08Jul2025 02:52:35.539] [Server thread/INFO] [Silent Gear/MaterialManager]: - Standard: 122
[08Jul2025 02:52:35.547] [Server thread/INFO] [de.melanx.skyblockbuilder.SkyblockBuilder/]: Successfully loaded Skyblock!
[08Jul2025 02:52:35.551] [Server thread/WARN] [net.minecraft.nbt.NbtUtils/]: Unable to read property: west with value: none for blockstate: {Name:"mcwfences:sandstone_grass_topped_wall",Properties:{east:"low",north:"none",south:"low",up:"true",waterlogged:"false",west:"none"}}
[08Jul2025 02:52:35.551] [Server thread/WARN] [net.minecraft.nbt.NbtUtils/]: Unable to read property: east with value: low for blockstate: {Name:"mcwfences:sandstone_grass_topped_wall",Properties:{east:"low",north:"none",south:"low",up:"true",waterlogged:"false",west:"none"}}
[08Jul2025 02:52:35.551] [Server thread/WARN] [net.minecraft.nbt.NbtUtils/]: Unable to read property: south with value: low for blockstate: {Name:"mcwfences:sandstone_grass_topped_wall",Properties:{east:"low",north:"none",south:"low",up:"true",waterlogged:"false",west:"none"}}
[08Jul2025 02:52:35.551] [Server thread/WARN] [net.minecraft.nbt.NbtUtils/]: Unable to read property: north with value: none for blockstate: {Name:"mcwfences:sandstone_grass_topped_wall",Properties:{east:"low",north:"none",south:"low",up:"true",waterlogged:"false",west:"none"}}
[08Jul2025 02:52:35.552] [Server thread/WARN] [net.minecraft.nbt.NbtUtils/]: Unable to read property: west with value: none for blockstate: {Name:"mcwfences:sandstone_grass_topped_wall",Properties:{east:"none",north:"low",south:"low",up:"false",waterlogged:"false",west:"none"}}
[08Jul2025 02:52:35.552] [Server thread/WARN] [net.minecraft.nbt.NbtUtils/]: Unable to read property: east with value: none for blockstate: {Name:"mcwfences:sandstone_grass_topped_wall",Properties:{east:"none",north:"low",south:"low",up:"false",waterlogged:"false",west:"none"}}
[08Jul2025 02:52:35.552] [Server thread/WARN] [net.minecraft.nbt.NbtUtils/]: Unable to read property: south with value: low for blockstate: {Name:"mcwfences:sandstone_grass_topped_wall",Properties:{east:"none",north:"low",south:"low",up:"false",waterlogged:"false",west:"none"}}
[08Jul2025 02:52:35.552] [Server thread/WARN] [net.minecraft.nbt.NbtUtils/]: Unable to read property: north with value: low for blockstate: {Name:"mcwfences:sandstone_grass_topped_wall",Properties:{east:"none",north:"low",south:"low",up:"false",waterlogged:"false",west:"none"}}
[08Jul2025 02:52:35.552] [Server thread/WARN] [net.minecraft.nbt.NbtUtils/]: Unable to read property: west with value: none for blockstate: {Name:"mcwfences:sandstone_grass_topped_wall",Properties:{east:"low",north:"low",south:"low",up:"true",waterlogged:"false",west:"none"}}
[08Jul2025 02:52:35.553] [Server thread/WARN] [net.minecraft.nbt.NbtUtils/]: Unable to read property: east with value: low for blockstate: {Name:"mcwfences:sandstone_grass_topped_wall",Properties:{east:"low",north:"low",south:"low",up:"true",waterlogged:"false",west:"none"}}
[08Jul2025 02:52:35.553] [Server thread/WARN] [net.minecraft.nbt.NbtUtils/]: Unable to read property: south with value: low for blockstate: {Name:"mcwfences:sandstone_grass_topped_wall",Properties:{east:"low",north:"low",south:"low",up:"true",waterlogged:"false",west:"none"}}
[08Jul2025 02:52:35.553] [Server thread/WARN] [net.minecraft.nbt.NbtUtils/]: Unable to read property: north with value: low for blockstate: {Name:"mcwfences:sandstone_grass_topped_wall",Properties:{east:"low",north:"low",south:"low",up:"true",waterlogged:"false",west:"none"}}
[08Jul2025 02:52:35.553] [Server thread/WARN] [net.minecraft.nbt.NbtUtils/]: Unable to read property: west with value: none for blockstate: {Name:"mcwfences:sandstone_grass_topped_wall",Properties:{east:"low",north:"low",south:"none",up:"true",waterlogged:"false",west:"none"}}
[08Jul2025 02:52:35.553] [Server thread/WARN] [net.minecraft.nbt.NbtUtils/]: Unable to read property: east with value: low for blockstate: {Name:"mcwfences:sandstone_grass_topped_wall",Properties:{east:"low",north:"low",south:"none",up:"true",waterlogged:"false",west:"none"}}
[08Jul2025 02:52:35.553] [Server thread/WARN] [net.minecraft.nbt.NbtUtils/]: Unable to read property: south with value: none for blockstate: {Name:"mcwfences:sandstone_grass_topped_wall",Properties:{east:"low",north:"low",south:"none",up:"true",waterlogged:"false",west:"none"}}
[08Jul2025 02:52:35.554] [Server thread/WARN] [net.minecraft.nbt.NbtUtils/]: Unable to read property: north with value: low for blockstate: {Name:"mcwfences:sandstone_grass_topped_wall",Properties:{east:"low",north:"low",south:"none",up:"true",waterlogged:"false",west:"none"}}
[08Jul2025 02:52:35.554] [Server thread/WARN] [net.minecraft.nbt.NbtUtils/]: Unable to read property: west with value: low for blockstate: {Name:"mcwfences:sandstone_grass_topped_wall",Properties:{east:"low",north:"low",south:"none",up:"true",waterlogged:"false",west:"low"}}
[08Jul2025 02:52:35.554] [Server thread/WARN] [net.minecraft.nbt.NbtUtils/]: Unable to read property: east with value: low for blockstate: {Name:"mcwfences:sandstone_grass_topped_wall",Properties:{east:"low",north:"low",south:"none",up:"true",waterlogged:"false",west:"low"}}
[08Jul2025 02:52:35.554] [Server thread/WARN] [net.minecraft.nbt.NbtUtils/]: Unable to read property: south with value: none for blockstate: {Name:"mcwfences:sandstone_grass_topped_wall",Properties:{east:"low",north:"low",south:"none",up:"true",waterlogged:"false",west:"low"}}
[08Jul2025 02:52:35.554] [Server thread/WARN] [net.minecraft.nbt.NbtUtils/]: Unable to read property: north with value: low for blockstate: {Name:"mcwfences:sandstone_grass_topped_wall",Properties:{east:"low",north:"low",south:"none",up:"true",waterlogged:"false",west:"low"}}
[08Jul2025 02:52:35.554] [Server thread/WARN] [net.minecraft.nbt.NbtUtils/]: Unable to read property: west with value: low for blockstate: {Name:"mcwfences:sandstone_grass_topped_wall",Properties:{east:"low",north:"none",south:"none",up:"false",waterlogged:"false",west:"low"}}
[08Jul2025 02:52:35.555] [Server thread/WARN] [net.minecraft.nbt.NbtUtils/]: Unable to read property: east with value: low for blockstate: {Name:"mcwfences:sandstone_grass_topped_wall",Properties:{east:"low",north:"none",south:"none",up:"false",waterlogged:"false",west:"low"}}
[08Jul2025 02:52:35.555] [Server thread/WARN] [net.minecraft.nbt.NbtUtils/]: Unable to read property: south with value: none for blockstate: {Name:"mcwfences:sandstone_grass_topped_wall",Properties:{east:"low",north:"none",south:"none",up:"false",waterlogged:"false",west:"low"}}
[08Jul2025 02:52:35.555] [Server thread/WARN] [net.minecraft.nbt.NbtUtils/]: Unable to read property: north with value: none for blockstate: {Name:"mcwfences:sandstone_grass_topped_wall",Properties:{east:"low",north:"none",south:"none",up:"false",waterlogged:"false",west:"low"}}
[08Jul2025 02:52:35.555] [Server thread/WARN] [net.minecraft.nbt.NbtUtils/]: Unable to read property: west with value: low for blockstate: {Name:"mcwfences:sandstone_grass_topped_wall",Properties:{east:"low",north:"none",south:"low",up:"true",waterlogged:"false",west:"low"}}
[08Jul2025 02:52:35.555] [Server thread/WARN] [net.minecraft.nbt.NbtUtils/]: Unable to read property: east with value: low for blockstate: {Name:"mcwfences:sandstone_grass_topped_wall",Properties:{east:"low",north:"none",south:"low",up:"true",waterlogged:"false",west:"low"}}
[08Jul2025 02:52:35.555] [Server thread/WARN] [net.minecraft.nbt.NbtUtils/]: Unable to read property: south with value: low for blockstate: {Name:"mcwfences:sandstone_grass_topped_wall",Properties:{east:"low",north:"none",south:"low",up:"true",waterlogged:"false",west:"low"}}
[08Jul2025 02:52:35.555] [Server thread/WARN] [net.minecraft.nbt.NbtUtils/]: Unable to read property: north with value: none for blockstate: {Name:"mcwfences:sandstone_grass_topped_wall",Properties:{east:"low",north:"none",south:"low",up:"true",waterlogged:"false",west:"low"}}
[08Jul2025 02:52:35.556] [Server thread/WARN] [net.minecraft.nbt.NbtUtils/]: Unable to read property: west with value: none for blockstate: {Name:"mcwfences:sandstone_grass_topped_wall",Properties:{east:"none",north:"none",south:"low",up:"true",waterlogged:"false",west:"none"}}
[08Jul2025 02:52:35.556] [Server thread/WARN] [net.minecraft.nbt.NbtUtils/]: Unable to read property: east with value: none for blockstate: {Name:"mcwfences:sandstone_grass_topped_wall",Properties:{east:"none",north:"none",south:"low",up:"true",waterlogged:"false",west:"none"}}
[08Jul2025 02:52:35.556] [Server thread/WARN] [net.minecraft.nbt.NbtUtils/]: Unable to read property: south with value: low for blockstate: {Name:"mcwfences:sandstone_grass_topped_wall",Properties:{east:"none",north:"none",south:"low",up:"true",waterlogged:"false",west:"none"}}
[08Jul2025 02:52:35.556] [Server thread/WARN] [net.minecraft.nbt.NbtUtils/]: Unable to read property: north with value: none for blockstate: {Name:"mcwfences:sandstone_grass_topped_wall",Properties:{east:"none",north:"none",south:"low",up:"true",waterlogged:"false",west:"none"}}
[08Jul2025 02:52:35.556] [Server thread/WARN] [net.minecraft.nbt.NbtUtils/]: Unable to read property: west with value: none for blockstate: {Name:"mcwfences:sandstone_grass_topped_wall",Properties:{east:"none",north:"low",south:"none",up:"true",waterlogged:"false",west:"none"}}
[08Jul2025 02:52:35.556] [Server thread/WARN] [net.minecraft.nbt.NbtUtils/]: Unable to read property: east with value: none for blockstate: {Name:"mcwfences:sandstone_grass_topped_wall",Properties:{east:"none",north:"low",south:"none",up:"true",waterlogged:"false",west:"none"}}
[08Jul2025 02:52:35.557] [Server thread/WARN] [net.minecraft.nbt.NbtUtils/]: Unable to read property: south with value: none for blockstate: {Name:"mcwfences:sandstone_grass_topped_wall",Properties:{east:"none",north:"low",south:"none",up:"true",waterlogged:"false",west:"none"}}
[08Jul2025 02:52:35.557] [Server thread/WARN] [net.minecraft.nbt.NbtUtils/]: Unable to read property: north with value: low for blockstate: {Name:"mcwfences:sandstone_grass_topped_wall",Properties:{east:"none",north:"low",south:"none",up:"true",waterlogged:"false",west:"none"}}
[08Jul2025 02:52:35.557] [Server thread/WARN] [net.minecraft.nbt.NbtUtils/]: Unable to read property: west with value: none for blockstate: {Name:"mcwfences:sandstone_grass_topped_wall",Properties:{east:"none",north:"none",south:"none",up:"true",waterlogged:"false",west:"none"}}
[08Jul2025 02:52:35.557] [Server thread/WARN] [net.minecraft.nbt.NbtUtils/]: Unable to read property: east with value: none for blockstate: {Name:"mcwfences:sandstone_grass_topped_wall",Properties:{east:"none",north:"none",south:"none",up:"true",waterlogged:"false",west:"none"}}
[08Jul2025 02:52:35.557] [Server thread/WARN] [net.minecraft.nbt.NbtUtils/]: Unable to read property: south with value: none for blockstate: {Name:"mcwfences:sandstone_grass_topped_wall",Properties:{east:"none",north:"none",south:"none",up:"true",waterlogged:"false",west:"none"}}
[08Jul2025 02:52:35.557] [Server thread/WARN] [net.minecraft.nbt.NbtUtils/]: Unable to read property: north with value: none for blockstate: {Name:"mcwfences:sandstone_grass_topped_wall",Properties:{east:"none",north:"none",south:"none",up:"true",waterlogged:"false",west:"none"}}
[08Jul2025 02:52:35.558] [Server thread/WARN] [net.minecraft.nbt.NbtUtils/]: Unable to read property: west with value: low for blockstate: {Name:"mcwfences:sandstone_grass_topped_wall",Properties:{east:"none",north:"low",south:"low",up:"true",waterlogged:"false",west:"low"}}
[08Jul2025 02:52:35.558] [Server thread/WARN] [net.minecraft.nbt.NbtUtils/]: Unable to read property: east with value: none for blockstate: {Name:"mcwfences:sandstone_grass_topped_wall",Properties:{east:"none",north:"low",south:"low",up:"true",waterlogged:"false",west:"low"}}
[08Jul2025 02:52:35.558] [Server thread/WARN] [net.minecraft.nbt.NbtUtils/]: Unable to read property: south with value: low for blockstate: {Name:"mcwfences:sandstone_grass_topped_wall",Properties:{east:"none",north:"low",south:"low",up:"true",waterlogged:"false",west:"low"}}
[08Jul2025 02:52:35.558] [Server thread/WARN] [net.minecraft.nbt.NbtUtils/]: Unable to read property: north with value: low for blockstate: {Name:"mcwfences:sandstone_grass_topped_wall",Properties:{east:"none",north:"low",south:"low",up:"true",waterlogged:"false",west:"low"}}
[08Jul2025 02:52:35.558] [Server thread/WARN] [net.minecraft.nbt.NbtUtils/]: Unable to read property: west with value: low for blockstate: {Name:"mcwfences:sandstone_grass_topped_wall",Properties:{east:"none",north:"none",south:"low",up:"true",waterlogged:"false",west:"low"}}
[08Jul2025 02:52:35.558] [Server thread/WARN] [net.minecraft.nbt.NbtUtils/]: Unable to read property: east with value: none for blockstate: {Name:"mcwfences:sandstone_grass_topped_wall",Properties:{east:"none",north:"none",south:"low",up:"true",waterlogged:"false",west:"low"}}
[08Jul2025 02:52:35.558] [Server thread/WARN] [net.minecraft.nbt.NbtUtils/]: Unable to read property: south with value: low for blockstate: {Name:"mcwfences:sandstone_grass_topped_wall",Properties:{east:"none",north:"none",south:"low",up:"true",waterlogged:"false",west:"low"}}
[08Jul2025 02:52:35.559] [Server thread/WARN] [net.minecraft.nbt.NbtUtils/]: Unable to read property: north with value: none for blockstate: {Name:"mcwfences:sandstone_grass_topped_wall",Properties:{east:"none",north:"none",south:"low",up:"true",waterlogged:"false",west:"low"}}
[08Jul2025 02:52:35.559] [Server thread/WARN] [net.minecraft.nbt.NbtUtils/]: Unable to read property: west with value: low for blockstate: {Name:"mcwfences:sandstone_grass_topped_wall",Properties:{east:"none",north:"low",south:"none",up:"true",waterlogged:"false",west:"low"}}
[08Jul2025 02:52:35.559] [Server thread/WARN] [net.minecraft.nbt.NbtUtils/]: Unable to read property: east with value: none for blockstate: {Name:"mcwfences:sandstone_grass_topped_wall",Properties:{east:"none",north:"low",south:"none",up:"true",waterlogged:"false",west:"low"}}
[08Jul2025 02:52:35.559] [Server thread/WARN] [net.minecraft.nbt.NbtUtils/]: Unable to read property: south with value: none for blockstate: {Name:"mcwfences:sandstone_grass_topped_wall",Properties:{east:"none",north:"low",south:"none",up:"true",waterlogged:"false",west:"low"}}
[08Jul2025 02:52:35.559] [Server thread/WARN] [net.minecraft.nbt.NbtUtils/]: Unable to read property: north with value: low for blockstate: {Name:"mcwfences:sandstone_grass_topped_wall",Properties:{east:"none",north:"low",south:"none",up:"true",waterlogged:"false",west:"low"}}
[08Jul2025 02:52:35.559] [Server thread/WARN] [net.minecraft.nbt.NbtUtils/]: Unable to read property: west with value: none for blockstate: {Name:"mcwfences:sandstone_grass_topped_wall",Properties:{east:"low",north:"none",south:"none",up:"true",waterlogged:"false",west:"none"}}
[08Jul2025 02:52:35.560] [Server thread/WARN] [net.minecraft.nbt.NbtUtils/]: Unable to read property: east with value: low for blockstate: {Name:"mcwfences:sandstone_grass_topped_wall",Properties:{east:"low",north:"none",south:"none",up:"true",waterlogged:"false",west:"none"}}
[08Jul2025 02:52:35.560] [Server thread/WARN] [net.minecraft.nbt.NbtUtils/]: Unable to read property: south with value: none for blockstate: {Name:"mcwfences:sandstone_grass_topped_wall",Properties:{east:"low",north:"none",south:"none",up:"true",waterlogged:"false",west:"none"}}
[08Jul2025 02:52:35.560] [Server thread/WARN] [net.minecraft.nbt.NbtUtils/]: Unable to read property: north with value: none for blockstate: {Name:"mcwfences:sandstone_grass_topped_wall",Properties:{east:"low",north:"none",south:"none",up:"true",waterlogged:"false",west:"none"}}
[08Jul2025 02:52:35.560] [Server thread/WARN] [net.minecraft.nbt.NbtUtils/]: Unable to read property: west with value: low for blockstate: {Name:"mcwfences:sandstone_grass_topped_wall",Properties:{east:"none",north:"none",south:"none",up:"true",waterlogged:"false",west:"low"}}
[08Jul2025 02:52:35.560] [Server thread/WARN] [net.minecraft.nbt.NbtUtils/]: Unable to read property: east with value: none for blockstate: {Name:"mcwfences:sandstone_grass_topped_wall",Properties:{east:"none",north:"none",south:"none",up:"true",waterlogged:"false",west:"low"}}
[08Jul2025 02:52:35.560] [Server thread/WARN] [net.minecraft.nbt.NbtUtils/]: Unable to read property: south with value: none for blockstate: {Name:"mcwfences:sandstone_grass_topped_wall",Properties:{east:"none",north:"none",south:"none",up:"true",waterlogged:"false",west:"low"}}
[08Jul2025 02:52:35.560] [Server thread/WARN] [net.minecraft.nbt.NbtUtils/]: Unable to read property: north with value: none for blockstate: {Name:"mcwfences:sandstone_grass_topped_wall",Properties:{east:"none",north:"none",south:"none",up:"true",waterlogged:"false",west:"low"}}
[08Jul2025 02:52:35.561] [Server thread/WARN] [net.minecraft.nbt.NbtUtils/]: Unable to read property: west with value: none for blockstate: {Name:"mcwfences:mud_brick_grass_topped_wall",Properties:{east:"none",north:"none",south:"low",up:"true",waterlogged:"false",west:"none"}}
[08Jul2025 02:52:35.561] [Server thread/WARN] [net.minecraft.nbt.NbtUtils/]: Unable to read property: east with value: none for blockstate: {Name:"mcwfences:mud_brick_grass_topped_wall",Properties:{east:"none",north:"none",south:"low",up:"true",waterlogged:"false",west:"none"}}
[08Jul2025 02:52:35.561] [Server thread/WARN] [net.minecraft.nbt.NbtUtils/]: Unable to read property: south with value: low for blockstate: {Name:"mcwfences:mud_brick_grass_topped_wall",Properties:{east:"none",north:"none",south:"low",up:"true",waterlogged:"false",west:"none"}}
[08Jul2025 02:52:35.561] [Server thread/WARN] [net.minecraft.nbt.NbtUtils/]: Unable to read property: north with value: none for blockstate: {Name:"mcwfences:mud_brick_grass_topped_wall",Properties:{east:"none",north:"none",south:"low",up:"true",waterlogged:"false",west:"none"}}
[08Jul2025 02:52:35.561] [Server thread/WARN] [net.minecraft.nbt.NbtUtils/]: Unable to read property: west with value: low for blockstate: {Name:"mcwfences:mud_brick_grass_topped_wall",Properties:{east:"none",north:"none",south:"none",up:"true",waterlogged:"false",west:"low"}}
[08Jul2025 02:52:35.561] [Server thread/WARN] [net.minecraft.nbt.NbtUtils/]: Unable to read property: east with value: none for blockstate: {Name:"mcwfences:mud_brick_grass_topped_wall",Properties:{east:"none",north:"none",south:"none",up:"true",waterlogged:"false",west:"low"}}
[08Jul2025 02:52:35.562] [Server thread/WARN] [net.minecraft.nbt.NbtUtils/]: Unable to read property: south with value: none for blockstate: {Name:"mcwfences:mud_brick_grass_topped_wall",Properties:{east:"none",north:"none",south:"none",up:"true",waterlogged:"false",west:"low"}}
[08Jul2025 02:52:35.562] [Server thread/WARN] [net.minecraft.nbt.NbtUtils/]: Unable to read property: north with value: none for blockstate: {Name:"mcwfences:mud_brick_grass_topped_wall",Properties:{east:"none",north:"none",south:"none",up:"true",waterlogged:"false",west:"low"}}
[08Jul2025 02:52:35.562] [Server thread/WARN] [net.minecraft.nbt.NbtUtils/]: Unable to read property: west with value: none for blockstate: {Name:"mcwfences:oak_hedge",Properties:{east:"tall",north:"none",south:"tall",up:"true",waterlogged:"false",west:"none"}}
[08Jul2025 02:52:35.562] [Server thread/WARN] [net.minecraft.nbt.NbtUtils/]: Unable to read property: east with value: tall for blockstate: {Name:"mcwfences:oak_hedge",Properties:{east:"tall",north:"none",south:"tall",up:"true",waterlogged:"false",west:"none"}}
[08Jul2025 02:52:35.562] [Server thread/WARN] [net.minecraft.nbt.NbtUtils/]: Unable to read property: south with value: tall for blockstate: {Name:"mcwfences:oak_hedge",Properties:{east:"tall",north:"none",south:"tall",up:"true",waterlogged:"false",west:"none"}}
[08Jul2025 02:52:35.562] [Server thread/WARN] [net.minecraft.nbt.NbtUtils/]: Unable to read property: north with value: none for blockstate: {Name:"mcwfences:oak_hedge",Properties:{east:"tall",north:"none",south:"tall",up:"true",waterlogged:"false",west:"none"}}
[08Jul2025 02:52:35.563] [Server thread/WARN] [net.minecraft.nbt.NbtUtils/]: Unable to read property: west with value: none for blockstate: {Name:"mcwfences:oak_hedge",Properties:{east:"low",north:"none",south:"low",up:"true",waterlogged:"false",west:"none"}}
[08Jul2025 02:52:35.563] [Server thread/WARN] [net.minecraft.nbt.NbtUtils/]: Unable to read property: east with value: low for blockstate: {Name:"mcwfences:oak_hedge",Properties:{east:"low",north:"none",south:"low",up:"true",waterlogged:"false",west:"none"}}
[08Jul2025 02:52:35.563] [Server thread/WARN] [net.minecraft.nbt.NbtUtils/]: Unable to read property: south with value: low for blockstate: {Name:"mcwfences:oak_hedge",Properties:{east:"low",north:"none",south:"low",up:"true",waterlogged:"false",west:"none"}}
[08Jul2025 02:52:35.563] [Server thread/WARN] [net.minecraft.nbt.NbtUtils/]: Unable to read property: north with value: none for blockstate: {Name:"mcwfences:oak_hedge",Properties:{east:"low",north:"none",south:"low",up:"true",waterlogged:"false",west:"none"}}
[08Jul2025 02:52:35.570] [Server thread/INFO] [de.melanx.skyblockbuilder.SkyblockBuilder/]: Loaded template "cozy_cottage" from "cozy_cottage.nbt".
[08Jul2025 02:52:35.571] [Server thread/INFO] [de.melanx.skyblockbuilder.SkyblockBuilder/]: Loaded template "Anarchy" from "anarchy.nbt".
[08Jul2025 02:52:35.572] [Server thread/INFO] [de.melanx.skyblockbuilder.SkyblockBuilder/]: Loaded template "Classical" from "classical.nbt".
[08Jul2025 02:52:35.573] [Server thread/INFO] [de.melanx.skyblockbuilder.SkyblockBuilder/]: Loaded template "The Direwolf" from "thedirewolf.nbt".
[08Jul2025 02:52:35.623] [Server thread/INFO] [de.melanx.skyblockbuilder.SkyblockBuilder/]: Cached profiles: 2 (-1 unused), uncached profiles: 0, total profiles: 3
[08Jul2025 02:52:35.625] [Server thread/INFO] [integrateddynamics/]: Loading infobook /data/integrateddynamics/info/on_the_dynamics_of_integration.xml
[08Jul2025 02:52:35.707] [Server thread/INFO] [cyclopscore/]: Loading infobook /data/cyclopscore/info/test.xml
[08Jul2025 02:52:35.867] [Server thread/INFO] [shetiphian.endertanks.EnderTanks/]: Loading EnderTank Data
[08Jul2025 02:52:35.870] [Server thread/INFO] [shetiphian.endertanks.EnderTanks/]: Finished Loading EnderTank Data
[08Jul2025 02:52:35.874] [Server thread/INFO] [com.cupboard.Cupboard/]: Loaded config for: smoothchunk.json
[08Jul2025 02:52:36.197] [Server thread/INFO] [shetiphian.enderchests.EnderChests/]: Loading EnderChest Data
[08Jul2025 02:52:36.198] [Server thread/INFO] [shetiphian.enderchests.EnderChests/]: Finished Loading EnderChest Data
[08Jul2025 02:52:39.181] [Server thread/INFO] [MEGA Cells/]: (Re-)initialised bulk cell compression.
[08Jul2025 02:52:39.187] [Server thread/INFO] [patchouli/]: Sending reload packet to clients
[08Jul2025 02:52:39.531] [Server thread/INFO] [immersiveengineering/]: Couldn't fully analyze 1 inferium_leggings, missing knowledge for {1 diamond_leggings=1.0}
[08Jul2025 02:52:39.531] [Server thread/INFO] [immersiveengineering/]: Couldn't fully analyze 1 supremium_sword, missing knowledge for {1 imperium_sword=1.0}
[08Jul2025 02:52:39.531] [Server thread/INFO] [immersiveengineering/]: Couldn't fully analyze 1 prudentium_boots, missing knowledge for {1 inferium_boots=1.0}
[08Jul2025 02:52:39.532] [Server thread/INFO] [immersiveengineering/]: Couldn't fully analyze 1 inferium_hoe, missing knowledge for {1 diamond_hoe=1.0}
[08Jul2025 02:52:39.532] [Server thread/INFO] [immersiveengineering/]: Couldn't fully analyze 1 compressed_iron_leggings, missing knowledge for {1 leather_leggings=1.0}
[08Jul2025 02:52:39.532] [Server thread/INFO] [immersiveengineering/]: Couldn't fully analyze 1 inferium_pickaxe, missing knowledge for {1 diamond_pickaxe=1.0}
[08Jul2025 02:52:39.532] [Server thread/INFO] [immersiveengineering/]: Couldn't fully analyze 1 pneumatic_leggings, missing knowledge for {1 compressed_iron_leggings=1.0}
[08Jul2025 02:52:39.532] [Server thread/INFO] [immersiveengineering/]: Couldn't fully analyze 1 inferium_shovel, missing knowledge for {1 diamond_shovel=1.0}
[08Jul2025 02:52:39.532] [Server thread/INFO] [immersiveengineering/]: Couldn't fully analyze 1 prudentium_shovel, missing knowledge for {1 inferium_shovel=1.0}
[08Jul2025 02:52:39.533] [Server thread/INFO] [immersiveengineering/]: Couldn't fully analyze 1 tertium_chestplate, missing knowledge for {1 prudentium_chestplate=1.0}
[08Jul2025 02:52:39.533] [Server thread/INFO] [immersiveengineering/]: Couldn't fully analyze 1 supremium_leggings, missing knowledge for {1 imperium_leggings=1.0}
[08Jul2025 02:52:39.533] [Server thread/INFO] [immersiveengineering/]: Couldn't fully analyze 1 prudentium_helmet, missing knowledge for {1 inferium_helmet=1.0}
[08Jul2025 02:52:39.533] [Server thread/INFO] [immersiveengineering/]: Couldn't fully analyze 1 compressed_iron_boots, missing knowledge for {1 leather_boots=1.0}
[08Jul2025 02:52:39.533] [Server thread/INFO] [immersiveengineering/]: Couldn't fully analyze 1 tertium_helmet, missing knowledge for {1 prudentium_helmet=1.0}
[08Jul2025 02:52:39.533] [Server thread/INFO] [immersiveengineering/]: Couldn't fully analyze 1 inferium_scythe, missing knowledge for {1 diamond_scythe=1.0}
[08Jul2025 02:52:39.534] [Server thread/INFO] [immersiveengineering/]: Couldn't fully analyze 1 imperium_shovel, missing knowledge for {1 tertium_shovel=1.0}
[08Jul2025 02:52:39.534] [Server thread/INFO] [immersiveengineering/]: Couldn't fully analyze 1 imperium_hoe, missing knowledge for {1 tertium_hoe=1.0}
[08Jul2025 02:52:39.534] [Server thread/INFO] [immersiveengineering/]: Couldn't fully analyze 1 prudentium_chestplate, missing knowledge for {1 inferium_chestplate=1.0}
[08Jul2025 02:52:39.534] [Server thread/INFO] [immersiveengineering/]: Couldn't fully analyze 1 compressed_iron_chestplate, missing knowledge for {1 leather_chestplate=1.0}
[08Jul2025 02:52:39.534] [Server thread/INFO] [immersiveengineering/]: Couldn't fully analyze 1 inferium_axe, missing knowledge for {1 diamond_axe=1.0}
[08Jul2025 02:52:39.534] [Server thread/INFO] [immersiveengineering/]: Couldn't fully analyze 1 imperium_boots, missing knowledge for {1 tertium_boots=1.0}
[08Jul2025 02:52:39.535] [Server thread/INFO] [immersiveengineering/]: Couldn't fully analyze 1 supremium_helmet, missing knowledge for {1 imperium_helmet=1.0}
[08Jul2025 02:52:39.535] [Server thread/INFO] [immersiveengineering/]: Couldn't fully analyze 1 imperium_scythe, missing knowledge for {1 tertium_scythe=1.0}
[08Jul2025 02:52:39.535] [Server thread/INFO] [immersiveengineering/]: Couldn't fully analyze 1 imperium_sword, missing knowledge for {1 tertium_sword=1.0}
[08Jul2025 02:52:39.535] [Server thread/INFO] [immersiveengineering/]: Couldn't fully analyze 1 prudentium_sickle, missing knowledge for {1 inferium_sickle=1.0}
[08Jul2025 02:52:39.535] [Server thread/INFO] [immersiveengineering/]: Couldn't fully analyze 1 imperium_chestplate, missing knowledge for {1 tertium_chestplate=1.0}
[08Jul2025 02:52:39.535] [Server thread/INFO] [immersiveengineering/]: Couldn't fully analyze 1 imperium_pickaxe, missing knowledge for {1 tertium_pickaxe=1.0}
[08Jul2025 02:52:39.536] [Server thread/INFO] [immersiveengineering/]: Couldn't fully analyze 1 inferium_chestplate, missing knowledge for {1 diamond_chestplate=1.0}
[08Jul2025 02:52:39.536] [Server thread/INFO] [immersiveengineering/]: Couldn't fully analyze 1 supremium_boots, missing knowledge for {1 imperium_boots=1.0}
[08Jul2025 02:52:39.536] [Server thread/INFO] [immersiveengineering/]: Couldn't fully analyze 1 supremium_pickaxe, missing knowledge for {1 imperium_pickaxe=1.0}
[08Jul2025 02:52:39.536] [Server thread/INFO] [immersiveengineering/]: Couldn't fully analyze 1 prudentium_axe, missing knowledge for {1 inferium_axe=1.0}
[08Jul2025 02:52:39.536] [Server thread/INFO] [immersiveengineering/]: Couldn't fully analyze 1 supremium_shovel, missing knowledge for {1 imperium_shovel=1.0}
[08Jul2025 02:52:39.536] [Server thread/INFO] [immersiveengineering/]: Couldn't fully analyze 1 prudentium_hoe, missing knowledge for {1 inferium_hoe=1.0}
[08Jul2025 02:52:39.536] [Server thread/INFO] [immersiveengineering/]: Couldn't fully analyze 1 compressed_iron_helmet, missing knowledge for {1 leather_helmet=1.0}
[08Jul2025 02:52:39.537] [Server thread/INFO] [immersiveengineering/]: Couldn't fully analyze 1 free_runners_armored, missing knowledge for {1 free_runners=1.0}
[08Jul2025 02:52:39.537] [Server thread/INFO] [immersiveengineering/]: Couldn't fully analyze 1 tertium_scythe, missing knowledge for {1 prudentium_scythe=1.0}
[08Jul2025 02:52:39.537] [Server thread/INFO] [immersiveengineering/]: Couldn't fully analyze 1 inferium_helmet, missing knowledge for {1 diamond_helmet=1.0}
[08Jul2025 02:52:39.537] [Server thread/INFO] [immersiveengineering/]: Couldn't fully analyze 1 prudentium_leggings, missing knowledge for {1 inferium_leggings=1.0}
[08Jul2025 02:52:39.537] [Server thread/INFO] [immersiveengineering/]: Couldn't fully analyze 1 supremium_axe, missing knowledge for {1 imperium_axe=1.0}
[08Jul2025 02:52:39.537] [Server thread/INFO] [immersiveengineering/]: Couldn't fully analyze 1 prudentium_sword, missing knowledge for {1 inferium_sword=1.0}
[08Jul2025 02:52:39.538] [Server thread/INFO] [immersiveengineering/]: Couldn't fully analyze 1 tertium_sword, missing knowledge for {1 prudentium_sword=1.0}
[08Jul2025 02:52:39.538] [Server thread/INFO] [immersiveengineering/]: Couldn't fully analyze 1 tertium_leggings, missing knowledge for {1 prudentium_leggings=1.0}
[08Jul2025 02:52:39.538] [Server thread/INFO] [immersiveengineering/]: Couldn't fully analyze 1 tertium_sickle, missing knowledge for {1 prudentium_sickle=1.0}
[08Jul2025 02:52:39.538] [Server thread/INFO] [immersiveengineering/]: Couldn't fully analyze 1 tertium_axe, missing knowledge for {1 prudentium_axe=1.0}
[08Jul2025 02:52:39.538] [Server thread/INFO] [immersiveengineering/]: Couldn't fully analyze 1 tertium_boots, missing knowledge for {1 prudentium_boots=1.0}
[08Jul2025 02:52:39.538] [Server thread/INFO] [immersiveengineering/]: Couldn't fully analyze 1 imperium_sickle, missing knowledge for {1 tertium_sickle=1.0}
[08Jul2025 02:52:39.538] [Server thread/INFO] [immersiveengineering/]: Couldn't fully analyze 1 imperium_leggings, missing knowledge for {1 tertium_leggings=1.0}
[08Jul2025 02:52:39.538] [Server thread/INFO] [immersiveengineering/]: Couldn't fully analyze 1 supremium_scythe, missing knowledge for {1 imperium_scythe=1.0}
[08Jul2025 02:52:39.539] [Server thread/INFO] [immersiveengineering/]: Couldn't fully analyze 1 inferium_boots, missing knowledge for {1 diamond_boots=1.0}
[08Jul2025 02:52:39.539] [Server thread/INFO] [immersiveengineering/]: Couldn't fully analyze 1 inferium_sickle, missing knowledge for {1 diamond_sickle=1.0}
[08Jul2025 02:52:39.539] [Server thread/INFO] [immersiveengineering/]: Couldn't fully analyze 1 tertium_shovel, missing knowledge for {1 prudentium_shovel=1.0}
[08Jul2025 02:52:39.539] [Server thread/INFO] [immersiveengineering/]: Couldn't fully analyze 1 tertium_hoe, missing knowledge for {1 prudentium_hoe=1.0}
[08Jul2025 02:52:39.539] [Server thread/INFO] [immersiveengineering/]: Couldn't fully analyze 1 supremium_sickle, missing knowledge for {1 imperium_sickle=1.0}
[08Jul2025 02:52:39.539] [Server thread/INFO] [immersiveengineering/]: Couldn't fully analyze 1 prudentium_scythe, missing knowledge for {1 inferium_scythe=1.0}
[08Jul2025 02:52:39.539] [Server thread/INFO] [immersiveengineering/]: Couldn't fully analyze 1 supremium_hoe, missing knowledge for {1 imperium_hoe=1.0}
[08Jul2025 02:52:39.539] [Server thread/INFO] [immersiveengineering/]: Couldn't fully analyze 1 prudentium_pickaxe, missing knowledge for {1 inferium_pickaxe=1.0}
[08Jul2025 02:52:39.539] [Server thread/INFO] [immersiveengineering/]: Couldn't fully analyze 1 supremium_chestplate, missing knowledge for {1 imperium_chestplate=1.0}
[08Jul2025 02:52:39.540] [Server thread/INFO] [immersiveengineering/]: Couldn't fully analyze 1 tertium_pickaxe, missing knowledge for {1 prudentium_pickaxe=1.0}
[08Jul2025 02:52:39.540] [Server thread/INFO] [immersiveengineering/]: Couldn't fully analyze 1 inferium_sword, missing knowledge for {1 diamond_sword=1.0}
[08Jul2025 02:52:39.540] [Server thread/INFO] [immersiveengineering/]: Couldn't fully analyze 1 imperium_axe, missing knowledge for {1 tertium_axe=1.0}
[08Jul2025 02:52:39.540] [Server thread/INFO] [immersiveengineering/]: Couldn't fully analyze 1 imperium_helmet, missing knowledge for {1 tertium_helmet=1.0}
[08Jul2025 02:52:39.540] [Server thread/INFO] [immersiveengineering/]: Finished recipe profiler for Arc Recycling, took 340 milliseconds
[08Jul2025 02:52:39.542] [Server thread/WARN] [ModernFix/]: Dedicated server took 82.267 seconds to load
[08Jul2025 02:52:39.820] [Server thread/WARN] [mixin/]: @Final field items:Ljava/util/Map; in creativewirelesstransmitter.mixins.json:MixinNetworkItemManager should be final
[08Jul2025 02:52:40.240] [Server thread/INFO] [fastsuite/]: Constructed recipe list for enderio:alloy_smelting in 535.6 μs. 0/446 recipes are parallelized.
[08Jul2025 02:54:41.828] [Netty Epoll Server IO #1/WARN] [mixin/]: @ModifyConstant conflict. Skipping packetfixer.common.mixins.json:PacketEncoderMixin->@ModifyConstant::newSize(I)I with priority 1000, already redirected by connectivity.mixins.json:PacketEncoderMixin->@ModifyConstant::modifyLimit(ILio/netty/channel/ChannelHandlerContext;Lnet/minecraft/network/protocol/Packet;Lio/netty/buffer/ByteBuf;)I with priority 1000
[08Jul2025 02:54:41.921] [Netty Epoll Server IO #1/INFO] [mixin/]: Mixing server.MixinServerboundChatCommandPacket from mixins/common/nochatreports.mixins.json into net.minecraft.network.protocol.game.ServerboundChatCommandPacket
[08Jul2025 02:54:41.923] [Netty Epoll Server IO #1/INFO] [mixin/]: Mixing server.MixinServerboundChatPacket from mixins/common/nochatreports.mixins.json into net.minecraft.network.protocol.game.ServerboundChatPacket
[08Jul2025 02:54:41.924] [Netty Epoll Server IO #1/INFO] [mixin/]: Mixing server.MixinServerboundChatSessionUpdatePacket from mixins/common/nochatreports.mixins.json into net.minecraft.network.protocol.game.ServerboundChatSessionUpdatePacket
[08Jul2025 02:54:54.043] [Server thread/INFO] [STDOUT/]: [com.abdelaziz.canary.common.block.TrackedBlockStatePredicate:<clinit>:14]: Canary Cached BlockState Flags are disabled!
[08Jul2025 02:54:54.160] [Server thread/INFO] [net.minecraft.server.players.PlayerList/]: manuel3200[/100.122.111.33:33740] logged in with entity id 519 at (4116.875587421163, 72.0, 4105.887458010168)
[08Jul2025 02:54:54.263] [Server thread/INFO] [Modonomicon/]: Building books ...
[08Jul2025 02:54:54.271] [Server thread/INFO] [Modonomicon/]: Books built.
[08Jul2025 02:54:54.452] [Server thread/INFO] [ModernFix/]: Using enhanced recipe sync for player manuel3200
[08Jul2025 02:54:54.586] [Server thread/INFO] [net.minecraft.server.MinecraftServer/]: manuel3200 joined the game
[08Jul2025 02:54:54.924] [Netty Epoll Server IO #1/INFO] [immersiveengineering/]: Recipes for potions: ars_nouveau:mana_regen_potion_strong, minecraft:turtle_master, minecraft:slow_falling, ars_nouveau:mana_regen_potion, apotheosis:strong_vitality, ars_nouveau:freezing_potion_long, ars_nouveau:spell_damage_potion, apotheosis:strong_resistance, minecraft:leaping, ars_nouveau:recovery_potion_long, apotheosis:long_sundering, apotheosis:long_vitality, minecraft:slowness, minecraft:long_weakness, ars_nouveau:recovery_potion_strong, ars_elemental:enderference_potion, minecraft:strong_harming, ars_nouveau:blasting_potion_long, apotheosis:strong_sundering, apotheosis:strong_grievous, minecraft:long_turtle_master, minecraft:strong_strength, minecraft:long_slowness, ars_nouveau:recovery_potion, minecraft:strong_slowness, ars_nouveau:shielding_potion_long, minecraft:water_breathing, ars_nouveau:spell_damage_potion_long, minecraft:invisibility, apotheosis:wither, minecraft:long_poison, minecraft:awkward, apotheosis:sundering, apotheosis:knowledge, minecraft:strong_regeneration, apotheosis:long_knowledge, apotheosis:extra_long_flying, ars_nouveau:freezing_potion, minecraft:long_strength, apotheosis:long_absorption, apotheosis:haste, tombstone:spectral, ars_nouveau:mana_regen_potion_long, apotheosis:strong_fatigue, ars_nouveau:shielding_potion_strong, ars_nouveau:blasting_potion_strong, ars_nouveau:shielding_potion, minecraft:strong_healing, ars_elemental:enderference_potion_long, minecraft:water, apotheosis:strong_haste, minecraft:long_swiftness, minecraft:long_slow_falling, apotheosis:long_haste, minecraft:poison, apotheosis:resistance, minecraft:long_night_vision, minecraft:healing, minecraft:long_fire_resistance, minecraft:strength, minecraft:long_water_breathing, minecraft:long_leaping, apotheosis:strong_wither, ars_nouveau:spell_damage_potion_strong, minecraft:strong_turtle_master, minecraft:harming, minecraft:long_invisibility, minecraft:weakness, apotheosis:strong_absorption, ars_nouveau:freezing_potion_strong, apotheosis:vitality, apotheosis:long_grievous, apotheosis:long_resistance, ars_elemental:shock_potion, minecraft:fire_resistance, apotheosis:grievous, apotheosis:flying, ars_nouveau:blasting_potion, apotheosis:levitation, apotheosis:fatigue, apotheosis:absorption, apotheosis:long_wither, apotheosis:strong_knowledge, ars_elemental:shock_potion_long, minecraft:strong_poison, minecraft:strong_swiftness, minecraft:regeneration, minecraft:long_regeneration, apotheosis:long_fatigue, minecraft:luck, minecraft:strong_leaping, apotheosis:long_flying, minecraft:night_vision, minecraft:swiftness
[08Jul2025 02:54:55.590] [Server thread/INFO] [Jade/]: Syncing config to manuel3200 (41961753-7708-3bc2-a91d-d0220e27d1e6)
[08Jul2025 02:54:55.620] [Server thread/INFO] [de.melanx.skyblockbuilder.SkyblockBuilder/]: Cached profiles: 2 (-1 unused), uncached profiles: 0, total profiles: 3
[08Jul2025 02:54:58.110] [Server thread/INFO] [fastsuite/]: Constructed recipe list for minecraft:crafting in 16.88 ms. 19516/21011 recipes are parallelized.
[08Jul2025 02:54:58.417] [Server thread/INFO] [fastsuite/]: Constructed recipe list for minecraft:smelting in 237.9 μs. 441/452 recipes are parallelized.
[08Jul2025 03:20:44.049] [Server thread/INFO] [net.minecraft.server.MinecraftServer/]: [manuel3200: Saved the game]
[08Jul2025 03:40:59.903] [Server thread/INFO] [net.minecraft.server.MinecraftServer/]: [manuel3200: Saved the game]
[08Jul2025 03:50:56.732] [Server thread/INFO] [net.minecraft.server.MinecraftServer/]: [manuel3200: Saved the game]
[08Jul2025 04:02:26.098] [Server thread/INFO] [fastsuite/]: Constructed recipe list for mysticalagriculture:infusion in 63.10 μs. 0/190 recipes are parallelized.
[08Jul2025 04:21:10.652] [Server thread/INFO] [net.minecraft.server.MinecraftServer/]: [manuel3200: Saved the game]
[08Jul2025 04:36:35.952] [Server thread/INFO] [net.minecraft.server.MinecraftServer/]: [manuel3200: Saved the game]
[08Jul2025 04:37:50.954] [Server thread/INFO] [net.minecraft.server.MinecraftServer/]: manuel3200 has made the advancement [The First Explosion (of many?)]
[08Jul2025 04:51:58.427] [Server thread/INFO] [net.minecraft.server.MinecraftServer/]: [manuel3200: Saved the game]
[08Jul2025 05:16:34.135] [Server thread/INFO] [net.minecraft.server.MinecraftServer/]: [manuel3200: Saved the game]
